domain,about_us_url,aliases,average_product_weight,brands_page_url,categories,city,cluster_domains,combined_followers,common_crawl_centrality,common_crawl_pagerank,company_ids,company_location,contact_page_url,country_code,created,currency,description,domain_count,domain_tld1,domain_url,emails,employee_count,estimated_monthly_pageviews,estimated_monthly_sales,estimated_monthly_visits,estimated_yearly_sales,facebook,facebook_group,facebook_group_url,facebook_url,faq_page_url,favicon_url,features,financing_page_url,has_cms,headless,instagram,instagram_url,installed_apps,installed_apps_count,installed_apps_names,ios_app_id,judgeme_avgrating,judgeme_reviews,language_code,last_plan,last_plan_changed,last_platform,last_platform_changed,last_theme,last_theme_changed,linkedin_account,linkedin_url,loox_avgrating,loox_reviews,maximum_product_price,maximum_product_weight,merchant_name,meta_description,meta_keywords,minimum_product_price,minimum_product_weight,monthly_app_spend,most_recent_product_image_url,most_recent_product_title,most_recent_product_url,notes,okendo_avgrating,okendo_reviews,open_graph_image_url,phones,pinterest,pinterest_followers,pinterest_followers_30d,pinterest_followers_90d,pinterest_posts,pinterest_url,plan,platform,platform_domain,platform_rank,platform_rank_percentile,platform_version,product_images,product_images_created_30,product_images_created_365,product_images_created_90,product_to_vendor,product_variants,products_created_30,products_created_365,products_created_90,products_sold,rank,rank_percentile,region,retailer_url,returns_page_url,rio_avgrating,rio_reviews,sales_channel_abound,sales_channel_amazon,sales_channel_chownow,sales_channel_doordash,sales_channel_ebay,sales_channel_etsy,sales_channel_grubhub,sales_channel_postmates,sales_channel_ubereats,sales_channels,shipping_carriers,ships_to_countries,stamped_avgrating,stamped_reviews,state,status,store_locator_url,street_address,subregion,tags,technologies,technologies_count,theme,theme_change_30,theme_change_90,theme_spend,theme_style,theme_vendor,tiktok,tiktok_followers,tiktok_followers_30d,tiktok_followers_90d,tiktok_url,title,tracking_page_url,trustpilot_avgrating,trustpilot_reviews,twitter,twitter_followers,twitter_followers_30d,twitter_followers_90d,twitter_posts,twitter_url,vendor_count,warranty_page_url,whatsapp,whatsapp_url,yotpo_avgrating,yotpo_reviews,youtube,youtube_channel_url,youtube_followers,youtube_followers_30d,youtube_followers_90d,youtube_url,zip,email_primary,has_linkedin,sales_num
allchemists.co.uk,https://allchemists.co.uk/about-us,www.allchemists.co.uk,,,/Health/Pharmacy,,allchemists.co.uk,13,58665923,55661105,,,https://allchemists.co.uk/contact,GB,6/30/2023,,"All Chemists is the United Kingdom's leading online pharmacy store, offering a wide selection of quality pharmacy products at competitive prices. Shop now and join our community of vendors for the best deals on pharmacy products.",1,allchemists.co.uk,https://allchemists.co.uk,00info@allchemists.co.uk:info@allchemists.co.uk:complaints@allchemists.co.uk,,640,"USD $5,129.03",172,"USD $61,548.36",all-chemists,,,https://www.facebook.com/people/All-Chemists/100090316161613,https://allchemists.co.uk/faq,https://allchemists.co.uk/wp-content/uploads/2023/03/cropped-ab-All-chemists-04-02-1-2-scaled-2-180x180.jpg,Contact Page:Tracking or Returns:Tracking Page:FAQ Page:Has CMS,,TRUE,FALSE,allchemists2023,https://www.instagram.com/allchemists2023,https://woocommerce.com/products/woocommerce-bookings/,1,WooCommerce Bookings,,,,en,,,,,,7/1/2023,all-chemists,https://www.linkedin.com/company/all-chemists,,,,,allchemists.co.uk,"All Chemists is the United Kingdom's leading online pharmacy store, offering a wide selection of quality pharmacy products at competitive prices. Shop now and join our community of vendors for the best deals on pharmacy products.",,,,,,,,,,,https://allchemists.co.uk/wp-content/uploads/2022/03/h6_cat-2.png,+44 20 8004 0895:+44 20 3713 8000,allchemists2023,,,,,https://in.pinterest.com/AllChemists2023,,WooCommerce,,516453,11.64,10.3.7,0,0,0,0,0,0,0,0,0,7712,1680192,11.81,Europe,,,,,,,,,,,,,,,Royal Mail,,,,,Active,,,Northern Europe,,Dokan:Google Ads Pixel:Google Adsense:Google Tag Manager:Wordpress:Yoast:YouTube Player:reCAPTCHA,8,matico,0,0,,Unknown,Unknown,,,,,,Buy Quality Pharmacy Products from All Chemists,https://allchemists.co.uk/delivery,,,allchemists,,,,,https://twitter.com/AllChemists,,,2080040895,https://web.whatsapp.com/send/?phone=02080040895,,,allchemists,https://www.youtube.com/channel/UCCiUvOfCrLdbTZoK_GMe8hQ,13,,,https://www.youtube.com/@allchemists,,00info@allchemists.co.uk,1,5129.03
halcyanwater.com,,,,,/Home & Garden,,halcyanwater.com,2,23231629,9082335,,,https://halcyanwater.com/contact,GB,8/23/2019,GBP,"Halcyan Water Conditioners - the intelligent filter solution to prevent hard water & limescale. Eco-loving, money saving water conditioners.",1,halcyanwater.com,https://halcyanwater.com,acallwithChrisfromHalcyanWater@halcyanwater.com,,21461,"USD $85,955.49",5800,"USD $1,031,465.88",halcyanwater,,,https://www.facebook.com/halcyanwater,https://halcyanwater.com/how-to-install-the-halcyan-water-conditioner,https://halcyanwater.com/wp-content/uploads/2019/09/cropped-Halcyan-Splodge-180x180.png,Returns Page:Contact Page:FAQ Page:Warranty Page:Has CMS,,TRUE,FALSE,halcyanwater_,https://www.instagram.com/halcyanwater_,https://woocommerce.com/products/mailchimp-for-woocommerce/,1,Mailchimp,,,,en,,,Custom Cart,7/24/2021,,6/5/2024,halcyan-water-conditioners,https://www.linkedin.com/company/halcyan-water-conditioners,,,,,Halcyan Water,"Halcyan Water Conditioners - the intelligent filter solution to prevent hard water & limescale. Eco-loving, money saving water conditioners.",,,,,,,,,,,,+44 345 504 0656,halcyanwater,2,,,193,https://www.pinterest.co.uk/halcyanwater,,WooCommerce,,55153,1.24,10.4.3,0,0,0,0,0,0,0,0,0,125,246251,1.73,Europe,,https://www.gov.uk/government/organisations/uk-trade-investment,,,,,,,,,,,,,,,,,,Active,,,Northern Europe,,Cloudflare:Cloudflare CDN:Facebook Pixel:Google Ads Pixel:Google Adsense:Google Tag Manager:Hotjar:Klaviyo:Mailchimp:Object Cache Pro Wordpress Plugin:Trustpilot:Wordpress:Yoast:YouTube Player:reCAPTCHA,15,softlab,0,0,,Unknown,Unknown,,,,,,Salt Free Water Softener UK | Water Softener No Salt | Halcyan Water,,,,,,,,,,,https://halcyanwater.com/register-your-warranty-for-customer,,,,,ucsultbfw9zudfejab6oy39w,https://www.youtube.com/channel/UCsUltBfw9ZuDFeJAB6Oy39w,,,,https://www.youtube.com/channel/UCsUltBfw9ZuDFeJAB6Oy39w,,acallwithchrisfromhalcyanwater@halcyanwater.com,1,85955.49
planet.uk,https://planet.uk/about,superfast-openreach.co.uk:www.phonecard.co.uk,,,/Internet/Voice & Video Chat,Bournemouth,planet.uk:planet.ba:www.planet.kiev.ua:www.planet.com.sa:shop.planet.com.ru:toomas.planet.ee:store.planet.mu:esim.planet.uk,2877,18518747,1103310,GB737325135,"Bournemouth, UK",https://planet.uk/contact,GB,4/12/2024,,We build cloud hosted VoIP telephone systems that we tailor to your business requirements. Only pay for the features and service you need. Free 14 day trial.,8,planet.uk,https://planet.uk,accounts@planet.uk:care@planet.uk:sales@planet.uk:support@planet.uk,,82203,"USD $230,461.55",22217,"USD $2,765,538.60",plntelecom,,,https://www.facebook.com/plntelecom,,https://planet.uk/wp-content/themes/okidoki/assets/favicons/apple-touch-icon.png,Contact Page:Has iOS App:Has Android App:Has CMS,,TRUE,FALSE,,,,0,,id833967564,,,en,,,,,,8/21/2025,plntelecom,https://www.linkedin.com/company/plntelecom,,,,,Planet Telecom,We build cloud hosted VoIP telephone systems that we tailor to your business requirements. Only pay for the features and service you need. Free 14 day trial.,,,,,,,,,,,https://planet.uk/wp-content/themes/okidoki/assets/favicons/planet-numbers-icon.png,+44 800 0866866:+44 800 0886886,,,,,,,,WooCommerce,,21179,0.48,10.4.3,0,0,0,0,0,0,0,0,0,485,110613,0.78,Europe,,,,,,,,,,,,,,,,,,,England,Active,,,Northern Europe,,Bing Ads:Calendly:CookieYes:Facebook Pixel:Google Ads Pixel:Google Adsense:Google Tag Manager:LinkedIn Insight Tag:Tawk:Typeform:Wordpress:reCAPTCHA,12,okidoki,0,0,,Unknown,Unknown,,,,,,VoIP Telephone Systems For Business | Planet Telecom,,4.5,135,planetnumbers,2877,,,2116,https://www.twitter.com/planetnumbers,,,,,,,,,,,,,,accounts@planet.uk,1,230461.55
renderboxes.com,https://renderboxes.com/about,www.renderboxes.com,,,/Business & Industrial/Business Services/Office Supplies:/Computers/Computer Hardware,,renderboxes.com,590,4173554,10843243,,"Kent, UK",https://renderboxes.com/contact,GB,9/29/2017,,"Renderboxes GPU Rendering Workstations for 3D, Ai and so much more. Welcome to the Renderboxes webstore, find your ultimate workstation here. Nvidia compute solutions for small to large businesses, freelancers and content creators. Featuring RTX4090, RTX5090, RTX5000, RTX 6000",1,renderboxes.com,https://renderboxes.com,accounts@renderboxes.com:servicedesk@renderboxes.com:support@renderboxes.com,3,2892,"USD $18,535.26",781,"USD $222,423.12",renderboxes,,,https://www.facebook.com/renderboxes,,https://renderboxes.com/wp-content/uploads/2023/11/cropped-renderboxes-favicon-1-180x180.jpg,International Shipping:Contact Page:Cryptocurrency Messaging:Warranty Page:Has CMS,,TRUE,FALSE,renderboxes,https://www.instagram.com/renderboxes,,0,,,,,en,,,,,Divi,5/4/2024,renderboxes,http://www.linkedin.com/company/renderboxes,,,,,Renderboxes,"Renderboxes GPU Rendering Workstations for 3D, Ai and so much more. Welcome to the Renderboxes webstore, find your ultimate workstation here. Nvidia compute solutions for small to large businesses, freelancers and content creators. Featuring RTX4090, RTX5090, RTX5000, RTX 6000",,,,,,,,,,,,+44 800 9557637,,,,,,,,WooCommerce,,173012,3.9,10.4.3,0,0,0,0,0,0,0,0,0,16,662162,4.65,Europe,,,,,,,,,,,,,,,,,,,England,Active,,,Northern Europe,,Calendly:Complianz:Facebook Pixel:Google Ads Pixel:Google Adsense:Google Analytics:Google Tag Manager:LiveChat:Wordpress:Yoast:reCAPTCHA,11,renderboxes-custom,0,0,,Unknown,Unknown,,,,,,Renderboxes | The Ultimate Multi GPU Workstations,,,,renderboxes,590,,,308,https://twitter.com/renderboxes,,https://renderboxes.com/warranty,,,,,,,,,,,,accounts@renderboxes.com,1,18535.26
www.srg-group.co.uk,,srg-group.co.uk,,,/Home & Garden/Home Improvement,,www.srg-group.co.uk,,199303831,49984219,,,,GB,2/5/2021,,,1,srg-group.co.uk,https://www.srg-group.co.uk,accounts@srg-group.co.uk:enquiries@srg-group.co.uk,,,USD $500.00,,"USD $6,000.00",,,,,,https://www.srg-group.co.uk/wp-content/uploads/2026/01/cropped-SRG-SITE-ICON-180x180.png,Has CMS,,TRUE,FALSE,,,,0,,,,,en,,,,,,2/26/2022,srg-group,https://www.linkedin.com/company/srg-group,,,,,SRG,,,,,,,,,,,,,+44 117 405 5138,,,,,,,,WooCommerce,,2124311,47.9,10.4.3,0,0,0,0,0,0,0,0,0,33,5911253,41.54,Europe,,,,,,,,,,,,,,,,,,,,Active,,,Northern Europe,,Vimeo:Wordpress,2,stal,0,0,,Unknown,Unknown,,,,,,SRG | Structures | Access Scaffolding | Hire & Sales | Fencing & Barriers | Engineering & Design â€“ Delivering Complete Solutions for Every Project,,,,,,,,,,,,,,,,,,,,,,,accounts@srg-group.co.uk,1,500
thebigcatsanctuary.org,,thebigcatsanctuary.com,,,/Pets & Animals/Cats,Smarden,thebigcatsanctuary.org,53400,2782521,1591280,,"Smarden, Ashford, UK",https://thebigcatsanctuary.org/sample-page/contact,GB,3/24/2017,,The Big Cat Sanctuary is a leading conservation centre for the protection of big cats. Visit us for the best overnight safari experiences.,1,thebigcatsanctuary.org,https://thebigcatsanctuary.org,accounts@thebigcatsanctuary.org:bookings@thebigcatsanctuary.org:careers@thebigcatsanctuary.org:education@thebigcatsanctuary.org:enquiries@thebigcatsanctuary.org,31,632282,"USD $759,698.05",170887,"USD $9,116,376.60",thebigcatsanctuary,,,https://en-gb.facebook.com/TheBigCatSanctuary,,https://thebigcatsanctuary.org/wp-content/uploads/2020/08/cropped-Favicon-180x180.png,Contact Page:Tracking or Returns:Returns Page:Has CMS,,TRUE,FALSE,thebigcatsanctuaryuk,https://www.instagram.com/thebigcatsanctuaryuk,https://woocommerce.com/products/woocommerce-bookings/,1,WooCommerce Bookings,,,,en,,,,,,5/27/2020,the-big-cat-sanctuary,http://www.linkedin.com/company/the-big-cat-sanctuary,,,,,The Big Cat Sanctuary,The Big Cat Sanctuary is a leading conservation centre for the protection of big cats. Visit us for the best overnight safari experiences.,,,,,,,,,,,,+44 1233 439150,,,,,,,,WooCommerce,,1748,0.04,10.3.5,0,0,0,0,0,0,0,0,0,180,16339,0.11,Europe,,https://thebigcatsanctuary.org/news/tocho-the-puma-returns-home-to-the-big-cat-sanctuary,,,,,,,,,,,,,,,,,England,Active,,,Northern Europe,,Cookiebot:Facebook Pixel:Google Ads Pixel:Google Adsense:Google Tag Manager:Microsoft Clarity:Wordpress:Yoast:YouTube Player,9,the-big-cat-sanctuary,0,0,,Unknown,Unknown,,,,,,The Big Cat Sanctuary - Exclusive Safari Experiences & Overnight Stays,,3.9,3,thebigcatsanct,53400,,,13427,https://twitter.com/thebigcatsanct,,,,,,,,,,,,,,accounts@thebigcatsanctuary.org,1,759698.05
theprosperpartnership.co.uk,,,,,/Business & Industrial/Business Operations:/Jobs & Education/Education,,theprosperpartnership.co.uk,2,140373461,185815541,,United Kingdom,,GB,1/1/2021,,We Provide Recruitment Solutions and Free Online Training Courses with Certificates to Help Individuals and Businesses Prosper. Start Now and Save.,1,theprosperpartnership.co.uk,https://theprosperpartnership.co.uk,Accounts@TheProsperPartnership.co.uk,,,USD $979.45,,"USD $11,753.40",theprosperpartnership,,,https://www.facebook.com/TheProsperPartnership,,https://theprosperpartnership.co.uk/wp-content/uploads/2021/10/cropped-The-Prosper-Partnership-180x180.png,,,FALSE,FALSE,theprosperpartnership,https://www.instagram.com/theprosperpartnership,,0,,,,,en,,,,,,,the-prosper-partnership,https://www.linkedin.com/company/the-prosper-partnership,,,,,The Prosper Partnership,We Provide Recruitment Solutions and Free Online Training Courses with Certificates to Help Individuals and Businesses Prosper. Start Now and Save.,,,,,,,,,,,https://theprosperpartnership.co.uk/wp-content/uploads/2021/08/logo.png,+44 7579 770217,theprosperpartnership,,,,26,https://www.pinterest.com/TheProsperPartnership,,WooCommerce,,2196402,49.52,8.8.5,0,0,0,0,0,0,0,0,0,30,6102386,42.89,Europe,,,,,,,,,,,,,,,,,,,,Active,,,Northern Europe,,Google Ads Pixel:Google Adsense:Google Analytics:Google Analytics 4:Google Tag Manager:YouTube Player,6,Unknown,0,0,,Unknown,Unknown,,,,,,"The Prosper Partnership - Recruitment, Free Online Courses and Certificates",,,,prosperpartner1,2,,,56,https://twitter.com/ProsperPartner1,,,,,,,,,,,,,,accounts@theprosperpartnership.co.uk,1,979.45
togetherfilms.org,,,,https://togetherfilms.org/markets/marche-du-film-2024,/Arts & Entertainment,,togetherfilms.org,2290,3497318,4571451,,London/New York,https://togetherfilms.org/contact,GB,12/30/2016,,The Business of Impact Lab & Pitch Read More Silenced World Premiere at Sundance Read More BAFTA albert Impact Producer Accelerator ProgrammeThe BAFTA albert and Together Films Impact Producer Accelerator Programme is now accepting applications. Find Out More Together Films is an innovative impact strategy and sales company serving the international film community. We connectâ€¦,1,togetherfilms.org,https://togetherfilms.org,accounts@togetherfilms.org:Hello@TogetherFilms.org:sales@togetherfilms.org,21,21594,"USD $86,486.08",5836,"USD $1,037,832.96",filmstogether,,,https://www.facebook.com/FilmsTogether,,https://i0.wp.com/togetherfilms.org/wp-content/uploads/2024/01/Together-1.png?fit=180%2C180&ssl=1,Contact Page:Financing Page:Brands Page:Has Blog:Has CMS,https://togetherfilms.org/jobs/job-opening-finance-administration-manager,TRUE,FALSE,togetherfilms_,https://www.instagram.com/togetherfilms_,https://woocommerce.com/products/woopayments/,1,WooPayments,,,,en,,,,,,11/4/2024,together-films,https://www.linkedin.com/company/together-films,,,,,togetherfilms.org,The Business of Impact Lab & Pitch Read More Silenced World Premiere at Sundance Read More BAFTA albert Impact Producer Accelerator ProgrammeThe BAFTA albert and Together Films Impact Producer Accelerator Programme is now accepting applications. Find Out More Together Films is an innovative impact strategy and sales company serving the international film community. We connectâ€¦,,,,,,,,,,,https://i0.wp.com/togetherfilms.org/wp-content/uploads/2023/10/your-fat-friend-02-e1705682008336.jpg?fit=1200%2C676&ssl=1,+44 20 3965 5742,,,,,,,,WooCommerce,,41452,0.93,,0,0,0,0,0,0,0,0,0,375,193152,1.36,Europe,,,,,,,,,,,,,,,,,,,,Active,,,Northern Europe,,Google Ads Pixel:Google Adsense:Google Analytics:Google Analytics 4:Google Tag Manager:Stripe:Wordpress:YouTube Player:Zoho SalesIQ,9,hello-elementor,0,0,,Unknown,Unknown,,,,,,Together Films â€“ Together Films is an innovative marketing and sales company based in London and NYC serving the international film community.,,,,together_films,2290,,,3576,https://twitter.com/Together_Films,,,,,,,uchsb_eq3vvmffx2g0jm-onq,https://www.youtube.com/channel/UChSB_Eq3VvMFfX2G0Jm-onQ,,,,https://www.youtube.com/channel/UChSB_Eq3VvMFfX2G0Jm-onQ,,accounts@togetherfilms.org,1,86486.08
actassociates.co.uk,,www.actassociates.co.uk:actassociates.uk,,,/Health/Occupational Health & Safety:/Safety & Survival/Safety:/Jobs & Education/Education/Training & Certification,Stourbridge,actassociates.co.uk,1865,8945533,10790753,,"Stourbridge, UK",,GB,12/30/2016,,"Get accredited training with ACT Associates. Our courses in health and safety help create compliant, healthier workplaces.",1,actassociates.co.uk,https://actassociates.co.uk,actsales@actassociates.co.uk,,29609,"USD $106,728.07",8002,"USD $1,280,736.84",actassociatesltd,,,https://www.facebook.com/actassociatesltd,,https://actassociates.co.uk/wp-content/uploads/2025/11/favicon.svg,Has CMS,,TRUE,FALSE,,,,0,,,,,en,,,,,class,1/28/2026,act-associates-ltd,https://www.linkedin.com/company/act-associates-ltd,,,,,ACT Associates,"Get accredited training with ACT Associates. Our courses in health and safety help create compliant, healthier workplaces.",,,,,,,,,,,,1384447915,,,,,,,,WooCommerce,,67985,1.53,10.4.3,0,0,0,0,0,0,0,0,0,360,294387,2.07,Europe,,,,,,,,,,,,,,,,,,,England,Active,,,Northern Europe,,Cloudflare:Cloudflare CDN:Crisp Chat:Google Analytics:Google Analytics 4:Google Tag Manager:Trustpilot:WP Rocket:Wordpress:Yoast,10,impreza,1,1,,Unknown,Unknown,,,,,,ACT Associates: Transforming Workplace Safety - ACT Associates,,4.4,43,actassociates,1865,,,2392,https://x.com/ACTAssociates,,,,,,,actassociatesltd,https://www.youtube.com/channel/UCmT9AjR-vHaCAHPqSbHy8kQ,,,,https://www.youtube.com/user/ACTAssociatesLtd,,actsales@actassociates.co.uk,1,106728.07
www.adoptadolphin.org.uk,,adoptadolphin.org.uk:www.adoptadolphin.uk,,,/Science:/People & Society/Social Issues & Advocacy,,www.adoptadolphin.org.uk,23,10943834,19817533,,Cardigan Bay,https://www.adoptadolphin.org.uk/contact-us,GB,12/30/2016,,Help raise awareness of the challenges dolphins face and support further research into the complex interactions in the marine environment.,1,adoptadolphin.org.uk,https://www.adoptadolphin.org.uk,admin@adoptadolphin.org.uk:info@adoptadolphin.org.uk,,662,"USD $5,305.89",178,"USD $63,670.68",adoptadolphin,,,https://www.facebook.com/adoptadolphin,,https://www.adoptadolphin.org.uk/wp-content/uploads/2016/08/ico.png,Contact Page:Has Blog:Has CMS,,TRUE,FALSE,adopt_a_dolphin,https://www.instagram.com/adopt_a_dolphin,https://woocommerce.com/products/name-your-price/,1,Name Your Price,,,,en,,,,,,5/29/2020,5954246,https://www.linkedin.com/company/5954246,,,,,Adopt a Dolphin,Help raise awareness of the challenges dolphins face and support further research into the complex interactions in the marine environment.,,,,,,,,,,,https://www.adoptadolphin.org.uk/wp-content/uploads/2024/03/NewsplashSeptember23-1-724x1024.png,+44 7821 584772,adopt_a_dolphin,23,,,206,https://www.pinterest.co.uk/adopt_a_dolphin,,WooCommerce,,457526,10.32,2.6.6,0,0,0,0,0,0,0,0,0,223,1516154,10.65,Europe,,,,,,,,,,,,,,,,,,,,Active,,,Northern Europe,,Facebook Pixel:Google Analytics:Wordpress:Yoast:YouTube Player:reCAPTCHA,6,handmade,0,0,,Unknown,Unknown,,,,,,Adopt a Dolphin - from as little as Â£3.50 per month,,,,,,,,,,,,,,,,,,,,,,,admin@adoptadolphin.org.uk,1,5305.89
www.airohealthcare.com,https://www.airohealthcare.com/about,,,,/Health/Health Conditions,Bryanston,www.airohealthcare.com,,11580753,49444716,,"Bryanston, Blandford Forum DT11 0DR, UK",https://www.airohealthcare.com/contact,GB,11/16/2018,,We specialise in sleep and respiratory care products that help diagnose and treat sleep apnea. Authorised resellers of Philips and Itamar products.,1,airohealthcare.com,https://www.airohealthcare.com,admin@airohealthcare.com:info@airohealthcare.com,,1810,"USD $14,502.77",489,"USD $174,033.24",airohealthcare,,,https://www.facebook.com/AIROHealthCare,,https://www.airohealthcare.com/wp-content/uploads/2019/06/logo3_62x62_icon.ico,Contact Page:Has CMS,,TRUE,FALSE,,,,0,,,,,en,,,,,,12/8/2021,airo-health-care,https://www.linkedin.com/company/airo-health-care,,,,,AIRO Health Care,We specialise in sleep and respiratory care products that help diagnose and treat sleep apnea. Authorised resellers of Philips and Itamar products.,,,,,,,,,,,https://www.airohealthcare.com/wp-content/uploads/2019/06/diagram.png,+27 11 463 0361,,,,,,,,WooCommerce,,252164,5.69,7.3.0,0,0,0,0,0,0,0,0,0,15,913779,6.42,Europe,,,,,,,,,,,,,,,,,,,England,Active,,,Northern Europe,,Google Ads Pixel:Google Adsense:Google Tag Manager:Wordpress:Yoast:YouTube Player:reCAPTCHA,7,mentalpress,0,0,,Unknown,Unknown,,,,,,Sleep and Respiratory Care Solutions | AIRO Health Care,,,,,,,,,,,,,,,,,,,,,,DT11 0DR,admin@airohealthcare.com,1,14502.77
broka.uk,,thebrokerbrain.co.uk:www.thebrokerbrain.co.uk,,,/Finance,,broka.uk,,0,0,11113731,,,GB,5/23/2025,,,1,broka.uk,https://broka.uk,admin@broka.uk,,3532,"USD $21,223.58",954,"USD $254,682.96",brokaplatform,,,https://www.facebook.com/brokaplatform,,https://broka.uk/wp-content/uploads/2025/05/cropped-Broka-Site-Identity-Logo-Dark-180x180.png,Has CMS,,TRUE,FALSE,broka.app,https://www.instagram.com/broka.app,https://woocommerce.com/products/woocommerce-subscriptions/:https://woocommerce.com/products/woopayments/,2,WooCommerce Subscriptions:WooPayments,,,,en,,,,,,5/23/2025,brokerbrain,https://www.linkedin.com/company/brokerbrain,,,,,broka.uk,,,,,,,,,,,,,+44 113 493 1899,,,,,,,,WooCommerce,,803521,18.12,9.8.6,0,0,0,0,0,0,0,0,0,3,2452320,17.23,Europe,,,,,,,,,,,,,,,,,,,,Active,,,Northern Europe,,Calendly:LinkedIn Insight Tag:Microsoft Clarity:Wordpress:reCAPTCHA,5,hello-elementor,0,0,,Unknown,Unknown,,,,,,Broka â€“ Revolutionising the Real Estate Finance Industry,,,,,,,,,,,,,,,,,,,,,,,admin@broka.uk,1,21223.58
bscah.co.uk,https://bscah.co.uk/about,www.bscah.co.uk,,,/Health,,bscah.co.uk,,12713750,2517354,5120862,,https://bscah.co.uk/contact-us,GB,11/13/2020,,"British Society of Clinical & Academic Hypnosis Bscah Clinical hypnosis for Medicine Dentistry Psychology JOIN BSCAH DISCOVER BSCAH is a multidisciplinary Registered Charity offering practical, adjunctive hypnosis training and support for Anaesthetists, GPs, Nurses, Dentists, ODPs, Physios, Psychologists, Oncologists, Surgeons and all other fellow healthcare professionals EDUCATION Educating both our professional colleagues & the public [â€¦]",1,bscah.co.uk,https://bscah.co.uk,admin@bscah.co.uk,,485,"USD $3,890.98",131,"USD $46,691.76",bscah,,,https://www.facebook.com/bscah,,https://bscah.co.uk/wp-content/uploads/2023/11/cropped-BSCAH-Favicon-180x180.jpg,Contact Page:Has CMS,,TRUE,FALSE,,,https://woocommerce.com/products/woocommerce-memberships/:https://woocommerce.com/products/woopayments/,2,WooCommerce Memberships:WooPayments,,,,en,,,,,,9/12/2025,bscah-british-society-of-clinical-and-academic-hypnosis-,https://www.linkedin.com/company/bscah-british-society-of-clinical-and-academic-hypnosis-,,,,,BSCAH,"British Society of Clinical & Academic Hypnosis Bscah Clinical hypnosis for Medicine Dentistry Psychology JOIN BSCAH DISCOVER BSCAH is a multidisciplinary Registered Charity offering practical, adjunctive hypnosis training and support for Anaesthetists, GPs, Nurses, Dentists, ODPs, Physios, Psychologists, Oncologists, Surgeons and all other fellow healthcare professionals EDUCATION Educating both our professional colleagues & the public [â€¦]",,,,,,,,,,,https://bscah.co.uk/wp-content/uploads/2020/02/space.jpg,+44 7702 492867,,,,,,,,WooCommerce,,446153,10.06,10.4.3,0,0,0,0,0,0,0,0,0,407,1484418,10.43,Europe,,,,,,,,,,,,,,,,,,,,Active,,,Northern Europe,,"Cookie Notice & Compliance for GDPR,CCP:Vimeo:Wordpress:Yoast:YouTube Player:reCAPTCHA",6,hello-elementor,0,0,,Unknown,Unknown,,,,,,Home - BSCAH,,,,bscah1,,,,,https://x.com/bscah1,,,,,,,,,,,,,,admin@bscah.co.uk,1,3890.98
www.clsa.co.uk,https://www.clsa.co.uk/join/about,,,,/Legal Services,,www.clsa.co.uk,,7703400,3790801,,,,GB,12/18/2020,,The Criminal Law Solicitors' Association is the only organisation entirely committed to professionals working in the field of criminal law in England and Wales.,1,clsa.co.uk,https://www.clsa.co.uk,admin@clsa.co.uk,,353,"USD $4,527.69",95,"USD $54,332.28",,,,,https://www.clsa.co.uk/how-to-become-a-partner-in-your-law-firm,,Tracking or Returns:Returns Page:FAQ Page:Has Blog:Has CMS,,TRUE,FALSE,,,https://woocommerce.com/products/woocommerce-memberships/:https://woocommerce.com/products/woocommerce-subscriptions/,2,WooCommerce Memberships:WooCommerce Subscriptions,,,,en,,,,,,1/5/2021,criminallawsolicitorsassociation,https://www.linkedin.com/company/criminallawsolicitorsassociation,,,,,CLSA,The Criminal Law Solicitors' Association is the only organisation entirely committed to professionals working in the field of criminal law in England and Wales.,,,,,,,,,,,,+44 7359 342493,,,,,,,,WooCommerce,,526368,11.87,,0,0,0,0,0,0,0,0,0,253,1707174,12,Europe,,https://www.clsa.co.uk/re-entering-criminal-law-a-guide-for-returning-practitioners,,,,,,,,,,,,,,,,,,Active,,,Northern Europe,,Google Ads Pixel:Google Adsense:Google Analytics:Google Analytics 4:Google Tag Manager:Stripe:Wordpress:Mailjet:Mailchimp,9,divi,0,0,,Unknown,Unknown,,,,,,CLSA,,,,,,,,,,,,,,,,,,,,,,,admin@clsa.co.uk,1,4527.69
coralcase.uk,https://coralcase.uk/about,,,,/Consumer Electronics/Mobile & Wireless/Mobile & Wireless Accessories,,coralcase.ca:coralcase.uk,,0,0,,,https://coralcase.uk/contact-us,GB,1/9/2026,,"Shop premium quality waterproof and bounce cases for iPhone, Samsung Galaxy, and Google Pixel. Explore MagSafe cases.",2,coralcase.uk,https://coralcase.uk,admin@coralcase.uk,,,USD $50.00,,USD $600.00,coralcaseau,,,https://www.facebook.com/coralcaseau,https://coralcase.uk/faqs,https://coralcase.uk/wp-content/uploads/2024/11/cropped-Coral-Case-Favicon-Logo-1024-180x180.webp,Tracking Page:Free Returns:Contact Page:Tracking or Returns:International Shipping:FAQ Page:Has CMS,,TRUE,FALSE,coralcaseptyltd,https://www.instagram.com/coralcaseptyltd,,0,,,,,en,,,,,,1/9/2026,coralcase,https://www.linkedin.com/company/coralcase,,,,,Coral Case,"Shop premium quality waterproof and bounce cases for iPhone, Samsung Galaxy, and Google Pixel. Explore MagSafe cases.",,,,,,,,,,,,+61 8 8427 1839:+61 415 352 300,coralcaseau,,,,,https://www.pinterest.com/coralcaseau,,WooCommerce,,2749445,61.99,10.4.3,0,0,0,0,0,0,0,0,0,0,7728728,54.31,Europe,,,,,,,,,,,,,,,Australia Post,,,,,Active,,,Northern Europe,,Bing Ads:Cloudflare:Cloudflare CDN:Facebook Pixel:Google Ads Pixel:Google Adsense:Google Tag Manager:Microsoft Clarity:Stripe:Wordpress:Yoast:YouTube Player,12,flatsome,1,1,,Unknown,Unknown,,,,,,Coral Case: Buy Lifeproof Waterproof & Bounce Cases,https://coralcase.uk/track-order,,,coralc2526,,,,,https://twitter.com/CoralC2526,,,61415352300,https://api.whatsapp.com/send?phone=61415352300,,,coralcase,,,,,https://www.youtube.com/@CoralCase,,admin@coralcase.uk,1,50
csie.org.uk,https://csie.org.uk/about-inclusion,,,,/Jobs & Education/Education,,csie.org.uk:csie.ir,,2541697,2589015,2253521,,,GB,3/29/2024,,"CSIE is a UK charity working to transform education so everyone feels welcome, visible, and respected. We offer resources, equality audits, training, and policy support for inclusive schooling.",2,csie.org.uk,https://csie.org.uk,admin@csie.org.uk,,1523,"USD $12,203.55",411,"USD $146,442.60",csie.uk,,,https://www.facebook.com/csie.uk,https://csie.org.uk/faq,https://csie.org.uk/wp-content/uploads/2025/02/cropped-CSIE-Logo-180x180.png,International Shipping:FAQ Page:Has Blog:Has CMS,,TRUE,FALSE,,,https://woocommerce.com/products/mailchimp-for-woocommerce/:https://woocommerce.com/products/square/,2,Mailchimp:Square,,,,en,,,,,,12/24/2025,c-s-i-e,https://www.linkedin.com/company/c-s-i-e,,,,,csie.org.uk,"CSIE is a UK charity working to transform education so everyone feels welcome, visible, and respected. We offer resources, equality audits, training, and policy support for inclusive schooling.","inclusive education, SEND charity, equality audits, school inclusion, policy support",,,,,,,,,,https://csie.org.uk/wp-content/uploads/2025/02/cropped-CSIE-Logo.png,+44 300 302 3012,,,,,,,,WooCommerce,,319825,7.21,10.4.3,0,0,0,0,0,0,0,0,0,177,1119085,7.86,Europe,,,,,,,,,,,,,,,,,,,,Active,,,Northern Europe,,Apple Pay:Cookie Law Info:CookieYes:Facebook Pixel:Google Ads Pixel:Google Adsense:Google Analytics:Google Analytics 4:Google Tag Manager:Mailchimp:Wordpress,11,avada-child,0,1,,Unknown,Unknown,,,,,,Centre for Studies on Inclusive Education,,,,,,,,,,,,,,,,ucdbucs-obqxekjcbeigifew,https://www.youtube.com/channel/UCDBUCs-OBqxEkjcbEigIfEw,,,,https://www.youtube.com/channel/UCDBUCs-OBqxEkjcbEigIfEw,,admin@csie.org.uk,1,12203.55
frostyhire.co.uk,https://frostyhire.co.uk/about-us,www.frostyhire.co.uk,,,/Travel/Car Rental & Taxi Services:/Autos & Vehicles,,frostyhire.co.uk,,250137506,244027903,7999606,,https://frostyhire.co.uk/contact-us,GB,8/2/2019,,"Drive sales with Avada Car Dealership. Customize this sleek, responsive website to showcase your inventory and attract potential buyers effortlessly.",1,frostyhire.co.uk,https://frostyhire.co.uk,admin@frostyhire.co.uk:sales@frostyhire.co.uk,,110,"USD $1,414.90",29,"USD $16,978.80",frostysales,,,https://www.facebook.com/FrostySales,,https://frostyhire.co.uk/wp-content/uploads/2024/10/favicon-96x96-1.png,Cryptocurrency Messaging:Contact Page:Has CMS,,TRUE,FALSE,frostyhiresalesltd,https://www.instagram.com/frostyhiresalesltd,,0,,,,,en,,,,,bestbus,2/20/2025,frosty-hire-,https://www.linkedin.com/company/frosty-hire-,,,,,Frosty Van Hire,"Drive sales with Avada Car Dealership. Customize this sleek, responsive website to showcase your inventory and attract potential buyers effortlessly.",,,,,,,,,,,https://frostyhire.co.uk/wp-content/uploads/2024/10/logo-copy-1.png,+44 20 8829 9999,,,,,,,,WooCommerce,,1627978,36.71,9.7.2,0,0,0,0,0,0,0,0,0,11,4630372,32.54,Europe,,,,,,,,,,,,,,,,,,,,Active,,,Northern Europe,,Apple Pay:Facebook Pixel:Google Ads Pixel:Google Adsense:Google Analytics:Google Analytics 4:Google Tag Manager:Moove GDPR Cookie Compliance:Vimeo:Wordpress,10,avada,0,0,,Unknown,Unknown,,,,,,Frosty Van Hire,,,,frostyltd,,,,,https://x.com/FrostyLtd,,,,,,,,,,,,,,admin@frostyhire.co.uk,1,1414.9
fussyfeast.co.uk,https://halalhmc.org/about/,,,,/Pets & Animals/Pet Food & Supplies:/Pets & Animals/Cats,Leicester,fussyfeast.co.uk,,35432177,72887760,,"Kitchener Road, Leicester, LE5 4AS, UK",https://fussyfeast.co.uk/contact-us,GB,11/7/2025,GBP,"Fussy Feast offers fresh, made-to-order halal cat food crafted with 100% natural, preservative-free, HMC certified, human-grade ingredients.",1,fussyfeast.co.uk,https://fussyfeast.co.uk,admin@fussyfeast.co.uk,,132,"USD $1,697.88",35,"USD $20,374.56",fussyfeast,,,https://facebook.com/fussyfeast,,https://fussyfeast.co.uk/wp-content/uploads/2025/02/Fussy-Feast-Favicon-300x300.png,Contact Page:Tracking or Returns:Tracking Page:Has Blog:Has CMS,,TRUE,FALSE,fussyfeast.uk,https://www.instagram.com/fussyfeast.uk,,0,,,,,en,,,,,,11/8/2025,fussyfeast,https://www.linkedin.com/company/fussyfeast,,,,,Fussy Feast,"Fussy Feast offers fresh, made-to-order halal cat food crafted with 100% natural, preservative-free, HMC certified, human-grade ingredients.",,,,,,,,,,,https://fussyfeast.co.uk/wp-content/uploads/2025/03/Fussy-Feast-Site-Image-for-Fallback.webp,+44 116 276 6696,,,,,,,,WooCommerce,,887057,20,10.0.5,0,0,0,0,0,0,0,0,0,2,2672381,18.78,Europe,,,,,,,,,,,,,,,Royal Mail,,,,England,Active,,,Northern Europe,,Facebook Pixel:Google Ads Pixel:Google Adsense:Google Tag Manager:Wordpress:Yoast,6,hello-elementor,0,1,,Unknown,Unknown,,,,,,"Halal Cat Food â€“ Fresh, Natural, Made-to-Order | Fussy Feast",https://fussyfeast.co.uk/delivery-shipping,,,,,,,,,,,4.47494E+11,https://api.whatsapp.com/send?phone=447493775302,,,,,,,,,LE5 4AS,admin@fussyfeast.co.uk,1,1697.88
www.gcomsolutions.com,,gcomsolutions.com,,,/Business & Industrial/Business Operations:/Computers/Software/Business & Productivity Software,Peterborough,www.gcomsolutions.com:gcomsolutions.co.uk,2210,41097408,76087778,,"Peterborough, UK",https://www.gcomsolutions.com/contact,GB,1/3/2020,,"Become a Data Analytics Hero with Power BI Training At G Com Solutions, weâ€™re committed to providing the highest quality training and support to our customers. We offer a full range of Power BI training courses, from beginner to advanced. Power BI Introduction Power BI Intermediate Power BI Advanced Power BI DAX Introduction Power BI...",2,gcomsolutions.com,https://www.gcomsolutions.com,admin@gcomsolutions.com:support@gcomsolutions.com,,2892,"USD $18,535.26",781,"USD $222,423.12",g-com-solutions-limited-1640361352856562,,,https://www.facebook.com/G-Com-Solutions-Limited-1640361352856562,,https://www.gcomsolutions.com/wp-content/uploads/2016/01/cropped-gcom-logo-300x300.jpg,Contact Page:Tracking or Returns:Returns Page:Tracking Page:Has CMS,,TRUE,FALSE,,,https://woocommerce.com/products/woocommerce-subscriptions/,1,WooCommerce Subscriptions,,,,en,,,,,,6/7/2022,gcomsolutions,https://www.linkedin.com/company/gcomsolutions,,,,,www.gcomsolutions.com,"Become a Data Analytics Hero with Power BI Training At G Com Solutions, weâ€™re committed to providing the highest quality training and support to our customers. We offer a full range of Power BI training courses, from beginner to advanced. Power BI Introduction Power BI Intermediate Power BI Advanced Power BI DAX Introduction Power BI...",,,,,,,,,,,https://powerbitraining.s3.eu-west-2.amazonaws.com/images/business111.jpg,+44 800 9989248,gcomsolutionsuk,2000,,,943,https://www.pinterest.co.uk/gcomsolutionsuk,,WooCommerce,,251677,5.67,7.7.0,0,0,0,0,0,0,0,0,0,579,912210,6.41,Europe,,https://www.gcomsolutions.com/microsoft-exchange-online,,,,,,,,,,,,,,,,,England,Active,,,Northern Europe,,NitroPack:Stripe:Wordfence:Wordpress:Yoast,5,kadence,0,0,,Unknown,Unknown,,,,,,"Power BI Courses in London, UK-Wide and Online - Power BI Online Training",https://www.gcomsolutions.com/tracking-the-success-of-wellness-initiatives,,,gcomsolutionsuk,210,,,650,https://twitter.com/GComSolutionsUK,,,,,,,,,,,,,,admin@gcomsolutions.com,1,18535.26
highgatecounselling.org.uk,https://highgatecounselling.org.uk/about-us,,,,/Health/Social Services,,highgatecounselling.org.uk,,6647406,12558278,,,https://highgatecounselling.org.uk/contact-us,GB,7/21/2023,,"Affordable counselling for individuals and couples in Highgate and online. BACP-accredited psychodynamic Diploma training, certificate, and CPD courses offered",1,highgatecounselling.org.uk,https://highgatecounselling.org.uk,admin@highgatecounselling.org.uk:training@highgatecounselling.org.uk:admin@highgatecousenlling.org.uk,,3996,"USD $22,408.56",1080,"USD $268,902.72",,,,,,https://highgatecounselling.org.uk/wp-content/uploads/2025/12/FaviconHCC.png,Contact Page:Tracking or Returns:Tracking Page:Headless:Has CMS,,TRUE,TRUE,highgatecounsellingcentre,https://www.instagram.com/highgatecounsellingcentre,,0,,,,,en,,,,,,10/1/2024,highgate-counselling-centre,https://www.linkedin.com/company/highgate-counselling-centre,,,,,Highgate Counselling Centre,"Affordable counselling for individuals and couples in Highgate and online. BACP-accredited psychodynamic Diploma training, certificate, and CPD courses offered",,,,,,,,,,,,+44 20 8883 5427,,,,,,,,WooCommerce,,147025,3.32,,0,0,0,0,0,0,0,0,0,26,575660,4.05,Europe,,,,,,,,,,,,,,,,,,,,Active,,,Northern Europe,,"Complianz:Cookie Notice & Compliance for GDPR,CCP:Google Ads Pixel:Google Adsense:Google Tag Manager:MailerLite:Wordpress:Yoast",8,salient,0,0,,Unknown,Unknown,,,,,,Home | Highgate Counselling Centre,https://highgatecounselling.org.uk/fast-track-certificate,,,,,,,,,,,,,,,,,,,,,,admin@highgatecounselling.org.uk,1,22408.56
hikerstore.co.uk,https://hikerstore.co.uk/about-us,www.hikerstore.co.uk,,,/Sports/Sporting Goods/Hiking & Camping,,hikerstore.co.uk,,59445253,31274250,,,https://hikerstore.co.uk/contact-us-2,GB,11/2/2018,,Latest Blog Posts. We'll give you a tantalizing glimpse into the exciting articles awaiting you. Get ready to dive into a world of knowledge and discovery!,1,hikerstore.co.uk,https://hikerstore.co.uk,admin@hikerstore.co.uk,4,44,USD $565.96,11,"USD $6,791.52",hikerstores,,,https://www.facebook.com/Hikerstores,https://hikerstore.co.uk/hiking-and-camping-videos/how-to-use-trekking-poles-for-hiking-backpacking-trekkingpoles-hiking-backpacking-howto,https://hikerstore.co.uk/wp-content/uploads/2019/12/cropped-hiking-fax2-180x180.png,Contact Page:Tracking Page:FAQ Page:Sizing Page:Product Page Video Tag:Signature Required:Tracking or Returns:Brand Advocate Page:Has Blog:Has CMS,,TRUE,FALSE,,,,0,,,,,en,,,Custom Cart,4/20/2022,arilewp,1/21/2021,hiker-store,http://www.linkedin.com/company/hiker-store,,,,,hikerstore.co.uk,Latest Blog Posts. We'll give you a tantalizing glimpse into the exciting articles awaiting you. Get ready to dive into a world of knowledge and discovery!,Latest Blog Posts,,,,,,,,,,https://hikerstore.co.uk/wp-content/uploads/2023/07/hiker-looking-out-into-the-wilderness.png,,,,,,,,,WooCommerce,,1142751,25.77,10.4.3,0,0,0,0,0,0,0,0,0,14,3342962,23.49,Europe,,,,,,,,,,,,,,,,,,,,Active,,,Northern Europe,,Google Ads Pixel:Google Adsense:Google Analytics:Google Analytics 4:Google Tag Manager:Wordpress:YouTube Player,7,storefront,0,0,,Unknown,Unknown,,,,,,Latest Blog Posts | Best hiking and camping gear,https://hikerstore.co.uk/hiking-and-camping-videos/walking-1000km-solo-on-the-bibbulmun-track-wa-unsupported-5-week-e2e-thru-hike,,,,,,,,,,,,,,,,,,,,,,admin@hikerstore.co.uk,1,565.96
infusionvillage.com,https://infusionvillage.com/about-us,www.infusionvillage.com,,,/Food & Drink/Food:/Food & Drink,,infusionvillage.com,,10916489,21450711,,"920 Brighton Road, Purley Croydon England GB",https://infusionvillage.com/contact,GB,6/21/2024,,"Enjoy Pakistani cuisine and desi food at Infusion Village, Halal Restaurant in Croydon Purley. Dine in or order online now across Croydon.",1,infusionvillage.com,https://infusionvillage.com,admin@infusionvillage.com:info@infusionvillage.com,,36277,"USD $130,763.78",9804,"USD $1,569,165.36",infusion-village,,,https://www.facebook.com/people/Infusion-Village/100088533708087,https://infusionvillage.com/how-to-make-paneer,https://infusionvillage.com/wp-content/uploads/2023/01/cropped-WhatsApp_Image_2023-01-22_at_15.05.21-removebg-preview-180x180.png,Contact Page:Signature Required:FAQ Page:Has Blog:Career Page:Has CMS,,TRUE,FALSE,infusionvillage,https://www.instagram.com/infusionvillage,,0,,,,,en,,,,,,6/17/2024,infusionvillage,https://www.linkedin.com/company/infusionvillage,,,,,Infusion Village,"Enjoy Pakistani cuisine and desi food at Infusion Village, Halal Restaurant in Croydon Purley. Dine in or order online now across Croydon.",,,,,,,,,,,https://infusionvillage.com/wp-content/uploads/2023/01/cropped-cropped-WhatsApp_Image_2023-01-22_at_15.05.21-removebg-preview.png,,,,,,,,,WooCommerce,,35603,0.8,9.8.5,0,0,0,0,0,0,0,0,0,36,169687,1.19,,,,,,,,,,,,,,,,,,,,,Active,,,,,Deliveroo:Facebook Pixel:Google Ads Pixel:Google Adsense:Google Tag Manager:Moove GDPR Cookie Compliance:Uber Eats:Wordpress,8,astra,0,0,,Unknown,Unknown,,,,,,Pakistani Halal Restaurant in Croydon | Infusion Village,,,,infusionvillage,,,,,https://twitter.com/infusionvillage,,,,,,,,,,,,,,admin@infusionvillage.com,1,130763.78
joco.gifts,https://joco.gifts/about-us,www.jocointeriors.com,,,/Gifts & Special Events,Nuneaton,joco.gifts:www.joco.gb.net:joco.studio:joco.pro,691,94799707,46114617,,"Nuneaton, UK",https://joco.gifts/contact-us,GB,5/18/2018,,"Welcome to JOCO! Discover unique gifts, home accessories and furniture. Winners of many local and national awards, including 3 prestigious Greats Gift Retailer Awards.",4,joco.gifts,https://joco.gifts,admin@joco.gifts,,264,"USD $3,395.77",71,"USD $40,749.24",jocogifts,,,https://www.facebook.com/Jocogifts,https://joco.gifts/faqs,https://joco.gifts/wp-content/uploads/2024/07/cropped-logo_square-300x300.jpg,Contact Page:International Shipping:Tracking or Returns:Returns Page:Tracking Page:FAQ Page:Has CMS,,TRUE,FALSE,,,,0,,,,,en,,,,,astra,2/18/2025,joco-gifts,https://www.linkedin.com/company/joco-gifts,,,,,JOCO,"Welcome to JOCO! Discover unique gifts, home accessories and furniture. Winners of many local and national awards, including 3 prestigious Greats Gift Retailer Awards.",,,,,,,,,,,https://joco.gifts/wp-content/uploads/2024/07/logo_square.jpg,+44 24 7637 4742,,,,,,,,WooCommerce,,743540,16.77,9.9.6,0,0,0,0,0,0,0,0,0,359,2291394,16.1,Europe,,https://joco.gifts/returns-refunds,,,,,,,,,,,,,,,,,England,Active,,,Northern Europe,,Facebook Pixel:Google Ads Pixel:Google Adsense:Google Analytics:Google Analytics 4:Google Tag Manager:Stripe:Trustpilot:Wordpress:Yoast,10,baileybusinesssolutions,0,0,,Unknown,Unknown,,,,,,"JOCO | Unique Gifts, Home Accessories And Furniture In Nuneaton",https://joco.gifts/delivery,,,joco_gifts,691,,,1557,https://x.com/Joco_gifts,,,,,,,jocogifts2991,https://www.youtube.com/channel/UCaLn0Gt8VS3AYiYJTZeHklg,,,,https://www.youtube.com/@jocogifts2991,,admin@joco.gifts,1,3395.77
londontaekwondowarriors.co.uk,https://londontaekwondowarriors.co.uk/about-our-school,www.warriorslondon.co.uk,,,/Sports/Combat Sports/Martial Arts,London,londontaekwondowarriors.co.uk,165,26089180,28757968,,"London, UK",https://londontaekwondowarriors.co.uk/contact,GB,4/22/2022,GBP,"London Taekwondo Warriors, choose from 10 London locations, Hayes, Harrow and Hendon. Friendly Taekwondo DOJO for Kids and Adults.",1,londontaekwondowarriors.co.uk,https://londontaekwondowarriors.co.uk,admin@londontaekwondowarriors.co.uk,,3201,"USD $19,233.86",865,"USD $230,806.32",londontaekwondowarriors,,,https://www.facebook.com/londontaekwondowarriors,https://londontaekwondowarriors.co.uk/faq/,https://i0.wp.com/londontaekwondowarriors.co.uk/wp-content/uploads/2021/08/cropped-London_Taekwondo_Warriors_-_Logo_-2.png?fit=180%2C180&ssl=1,FAQ Page:Contact Page:Has Blog:Has CMS,,TRUE,FALSE,londontkdwarriors,https://www.instagram.com/londontkdwarriors,,0,,,,,en,,,,,,12/13/2022,london-taekwondo-warriors,https://www.linkedin.com/company/london-taekwondo-warriors,,,,,London Taekwondo Warriors,"London Taekwondo Warriors, choose from 10 London locations, Hayes, Harrow and Hendon. Friendly Taekwondo DOJO for Kids and Adults.",,,,,,,,,,,,,,,,,,,,WooCommerce,,203586,4.59,9.8.5,0,0,0,0,0,0,0,0,0,197,761270,5.35,Europe,,,,,,,,,,,,,,,,,,,England,Active,,,Northern Europe,,Cookie Law Info:Facebook Pixel:Google Ads Pixel:Google Adsense:Google Tag Manager:Wordfence:Wordpress:Yoast:YouTube Player:reCAPTCHA,10,porto,0,0,,Unknown,Unknown,,,,,,London Taekwondo Warriors - Martial Arts Lessons in London,,3.7,10,ltkdwarriors,165,,,464,https://x.com/Ltkdwarriors,,,,,,,uc6ap3c_mvh3ize9lppgak2q,https://www.youtube.com/channel/UC6Ap3C_Mvh3iZe9lPpGak2Q,,,,https://www.youtube.com/channel/UC6Ap3C_Mvh3iZe9lPpGak2Q,,admin@londontaekwondowarriors.co.uk,1,19233.86
love-empure.com,,www.love-empure.co.uk,,,/Apparel,London,love-empure.com,194,27851668,122037514,,"124 City Road, London, EC1V 2NJ, UK",https://love-empure.com/contact-us,GB,6/28/2024,,This is a one-stop place for all you need to know about these artists and how to network with them to work together too. We believe with this awesome,1,love-empure.com,https://love-empure.com,admin@love-empure.com:info@love-empure.com,,,USD $500.00,,"USD $6,000.00",love-empure,,,https://www.facebook.com/people/Love-Empure/100085457691272,,https://love-empure.com/wp-content/uploads/2024/01/love-empure-logo-transparent.png,Contact Page:Has CMS,,TRUE,FALSE,loveempure,https://www.instagram.com/loveempure,https://woocommerce.com/products/woocommerce-bookings/:https://woocommerce.com/products/woocommerce-subscriptions/,2,WooCommerce Bookings:WooCommerce Subscriptions,,,,en,,,,,storefront,6/24/2025,love-empure,https://www.linkedin.com/company/love-empure,,,,,Love Empure,This is a one-stop place for all you need to know about these artists and how to network with them to work together too. We believe with this awesome,,,,,,,,,,,,+44 7368 240799,,,,,,,,WooCommerce,,2079262,46.88,10.0.2,0,0,0,0,0,0,0,0,0,12,5788292,40.68,Europe,,,,,,,,,,,,,,,,,,,England,Active,,124 City Road,Northern Europe,,Dokan:Google Ads Pixel:Google Adsense:Google Tag Manager:ShareASale:Wordpress,6,yorn,0,0,,Unknown,Unknown,,,,,,"Home - Love Empure | Music, Fashion, Arts & Creativity",,,,,,,,,,,,,,,,ucu7f5iqx1uirszrivtaw9za,https://www.youtube.com/channel/UCU7F5iQX1UIRSzRivTAW9zA,194,,,https://www.youtube.com/channel/UCU7F5iQX1UIRSzRivTAW9zA,EC1V 2NJ,admin@love-empure.com,1,500
www.mindinharingey.org.uk,https://www.mindinharingey.org.uk/about-us,,,,/Finance,London,www.mindinharingey.org.uk,2999,3843477,4725163,,"London Borough of Haringey, London, UK",https://www.mindinharingey.org.uk/contact-us,GB,6/12/2020,,"Mind in Haringey provides information, advice and support to people affected by mental health problems, primarily in Haringey. We work to prevent mental healthÂ ...Mind in Haringey provides information, advice and support to people affected by mental health problems, primarily in Haringey. We work to prevent mental healthÂ ...",1,mindinharingey.org.uk,https://www.mindinharingey.org.uk,admin@mih.org.uk,,2362,"USD $18,924.35",638,"USD $227,092.20",mindinharingey,,,https://www.facebook.com/MindinHaringey,,https://www.mindinharingey.org.uk/wp-content/uploads/2022/12/fav-icon.png,Contact Page:Has CMS,,TRUE,FALSE,mindinharingey,https://www.instagram.com/mindinharingey,,0,,,,,en,,,,,Mind-Theme-V4,4/29/2025,mind-in-haringey,https://www.linkedin.com/company/mind-in-haringey,,,,,Mind in Haringey,"Mind in Haringey provides information, advice and support to people affected by mental health problems, primarily in Haringey. We work to prevent mental healthÂ ...Mind in Haringey provides information, advice and support to people affected by mental health problems, primarily in Haringey. We work to prevent mental healthÂ ...",,,,,,,,,,,,+44 20 8340 2474:+44 7508 511128,,,,,,,,WooCommerce,,293791,6.62,10.4.3,0,0,0,0,0,0,0,0,0,500,1041149,7.32,Europe,,,,,,,,,,,,,,,,,,,England,Active,,,Northern Europe,,Cloudflare:Cloudflare CDN:CookieYes:Google Ads Pixel:Google Adsense:Google Tag Manager:Stripe:Vimeo:Wordpress:reCAPTCHA,10,c27-mind-theme,0,0,,Unknown,Unknown,,,,,,Mind in Haringey,,,,mindinharingey,2999,,,4208,https://twitter.com/MindinHaringey,,,,,,,,,,,,,,admin@mih.org.uk,1,18924.35
www.mindfulmamma.co.uk,https://www.mindfulmamma.co.uk/about-our-mindful-hypnobirthing-class/mindful-hypnobirthing-class,mindfulmammahypnobirthing.co.uk,,,/People & Society/Family & Relationships/Family:/People & Society/Religion & Belief,,www.mindfulmamma.co.uk,146,14507403,10668797,,,https://www.mindfulmamma.co.uk/mindful-hypnobirthing/contact-us,GB,6/30/2017,,"Mindful Hypnobirthing Book - Online course and classes for a Confident Birth, with Bestselling Author, Hypnotherapist and Doula Sophie Fletcher.",1,mindfulmamma.co.uk,https://www.mindfulmamma.co.uk,admin@mindfulmamma.co.uk,,750,"USD $6,013.34",202,"USD $72,160.08",mindfulmamma,,,https://www.facebook.com/MindfulMamma,,https://www.mindfulmamma.co.uk/wp-content/uploads/2017/07/cropped-14969_10151394423175020_977610308_n-1-180x180.jpg,Contact Page:Tracking Page:Has CMS,,TRUE,FALSE,mindfulmammauk,https://www.instagram.com/mindfulmammauk,,0,,,,,en,,,,,,5/28/2020,mindful-mamma,https://www.linkedin.com/company/mindful-mamma,,,,,Mindful Mamma Hypnobirthing 2026,"Mindful Hypnobirthing Book - Online course and classes for a Confident Birth, with Bestselling Author, Hypnotherapist and Doula Sophie Fletcher.",,,,,,,,,,,https://www.mindfulmamma.co.uk/wp-content/uploads/2018/04/logo-1.jpeg,,mindfulmammauk,144,,,422,https://www.pinterest.co.uk/mindfulmammauk,,WooCommerce,,472395,10.65,7.1.0,0,0,0,0,0,0,0,0,0,681,1557693,10.95,Europe,,,,,,,,,,,,,,,,,,,,Active,,,Northern Europe,,Facebook Pixel:Wordpress:YouTube Player,3,refined-theme,0,0,,Unknown,Unknown,,,,,,Mindful Mamma Hypnobirthing 2026,https://mindful-hypnobirthing.mykajabi.com/mindful-hypnobirthing-practical-tools-and-tracks-1,,,mindfulmamma,2,,,,https://twitter.com/mindfulmamma,,,,,,,,,,,,,,admin@mindfulmamma.co.uk,1,6013.34
orisel.co.uk,https://orisel.co.uk/about-us,woodstove.orisel.co.uk,,,/Internet/Web Services/Web Design & Development,Lincoln,orisel.co.uk,1145,62127783,14420983,9886405,"Lincoln, UK",https://orisel.co.uk/contact,GB,4/13/2018,,"Grow your business with explosive, scalable, value packed digital strategy. Attract new leads with irresistible offers and nurture into customers at scale.",1,orisel.co.uk,https://orisel.co.uk,admin@orisel.co.uk,,,USD $500.00,,"USD $6,000.00",oriselservices,,,https://en-gb.facebook.com/oriselservices,https://orisel.co.uk/how-to-set-up-utm-urls-for-successful-campaign-tracking,https://orisel.co.uk/wp-content/uploads/2021/07/cropped-FaviWhite-180x180.png,Contact Page:FAQ Page:Has CMS,,TRUE,FALSE,oriseldigital,https://www.instagram.com/oriseldigital,https://woocommerce.com/products/woocommerce-subscriptions/,1,WooCommerce Subscriptions,,,,en,,,,,,6/1/2020,orisel-limited,https://www.linkedin.com/company/orisel-limited,,,,,Orisel Digital Growth Agency,"Grow your business with explosive, scalable, value packed digital strategy. Attract new leads with irresistible offers and nurture into customers at scale.",,,,,,,,,,,https://orisel.co.uk/wp-content/uploads/2020/10/Logo-11.png,+44 7458 158979,,,,,,,,WooCommerce,,1901699,42.88,10.3.7,0,0,0,0,0,0,0,0,0,32,5330314,37.46,Europe,,,,,,,,,,,,,,,,,,,England,Active,,,Northern Europe,,Cloudflare:Cloudflare CDN:Cookie Law Info:Google Ads Pixel:Google Adsense:Google Analytics:Google Tag Manager:HighLevel:Kinsta:LinkedIn Insight Tag:Vimeo:WP Rocket:Wordpress:reCAPTCHA,14,bb-theme,0,0,,Unknown,Unknown,,,,,,Get More Sales Online | Orisel Digital Growth Agency,,,,oriselservices,1145,,,1776,https://twitter.com/oriselservices,,,,,,,,,,,,,,admin@orisel.co.uk,1,500
www.propelsolutions.co.uk,https://www.propelsolutions.co.uk/about-us,propelsolutions.co.uk,,,/Health/Occupational Health & Safety:/Safety & Survival/Safety,,www.propelsolutions.co.uk,,36604469,61471426,,,https://www.propelsolutions.co.uk/contact-us,GB,7/18/2025,,"Propel Solutions connects top occupational health professionals with employers across the UK. Specialist recruitment, training, and career development services.",1,propelsolutions.co.uk,https://www.propelsolutions.co.uk,admin@propelsolutions.co.uk,,,USD $500.00,,"USD $6,000.00",,,,,,,Gift Messaging:Contact Page:Has Blog:Has CMS,,TRUE,FALSE,propelsolutions2025,https://www.instagram.com/propelsolutions2025,https://woocommerce.com/products/woopayments/,1,WooPayments,,,,en,,,,,"dt-the7"",""passText"":""To view this protected post, enter the password below:"",""moreButtonText"":{""loading"":""Loading..."",""loadMore"":""Load more""},""postID"":""2241"",""ajaxurl"":""https:",1/30/2026,propel-solutions-ltdco,https://www.linkedin.com/company/propel-solutions-ltdco,,,,,Propel Solutions UK,"Propel Solutions connects top occupational health professionals with employers across the UK. Specialist recruitment, training, and career development services.",,,,,,,,,,,,+44 7741 657484,,,,,,,,WooCommerce,,2227008,50.21,9.9.5,0,0,0,0,0,0,0,0,0,2,6180930,43.44,Europe,,,,,,,,,,,,,,,,,,,,Active,,,Northern Europe,,Cookie Law Info:CookieYes:Facebook Pixel:Google Ads Pixel:Google Adsense:Google Analytics:Google Analytics 4:Google Tag Manager:Wordpress:Yoast,10,webdezign,1,2,,Unknown,Unknown,,,,,,Propel Solutions UK | Experts in Occupational Health Recruitment,,,,,,,,,,,,,,,,,,,,,,,admin@propelsolutions.co.uk,1,500
pure.events,,,,,/Business & Industrial/Business Services,Nottingham,pure.events:pure.care:www.pure.mx:pure.gallery:pure.nyc:pure.nc:pure.com.pt:pure.casa:pure.ooo:www.pure.mt:pure.supply:pure.com.ro:pure.bt:fr.pure.gallery:de.pure.gallery:pure.support:pure.voyage,261,67254007,131968154,,"Nottingham, UK",https://pure.events/contact,GB,3/9/2018,,,17,pure.events,https://pure.events,admin@pure.team,28,1280,"USD $10,258.06",345,"USD $123,096.72",pureeventssolutions,,,https://www.facebook.com/PureEventsSolutions,,https://pure.events/wp-content/uploads/2019/10/newcolour-sociallogo-1-300x300.png,Has iOS App:Has Android App:Contact Page:Has Blog:Has CMS,,TRUE,FALSE,pureeventssolutions,https://www.instagram.com/pureeventssolutions,,0,,id1491910274,,,en,,,,,,6/2/2020,pure,http://www.linkedin.com/company/pure,,,,,pure.events,,,,,,,,,,,,,+44 7741 621986:+44 115 950 9225,,,,,,,,WooCommerce,,426033,9.61,9.0.3,0,0,0,0,0,0,0,0,0,27,1427904,10.03,Europe,,,,,,,,,,,,,,,,,,,England,Active,,,Northern Europe,,Cookie Law Info:Google Ads Pixel:Google Adsense:Google Analytics:Google Analytics 4:Google Tag Manager:MonsterInsights:Wordpress,8,consulta,0,0,,Unknown,Unknown,,,,,,Pure Events Solutions â€“ We Build Brands,,,,pureeventsnotts,192,,,366,https://twitter.com/PureEventsNotts,,,,,,,ucttqntf3c9zghenx-jnqndw,https://www.youtube.com/channel/UCtTQNTF3c9zgheNx-JNQNdw,69,,,https://www.youtube.com/channel/UCtTQNTF3c9zgheNx-JNQNdw,,admin@pure.team,1,10258.06
sensigence.co.uk,,shop.sensigence.co.uk,,,/Computers,,sensigence.co.uk,,0,0,16186031,,https://sensigence.co.uk/contact-us,GB,5/2/2025,,"Sensigence, as your Growth Wingman helps time poor Small & Medium Businesses really look under the hood of the business,.",1,sensigence.co.uk,https://sensigence.co.uk,admin@sensigence.co.uk:mail@sensigence.co.uk,,,USD $50.00,,USD $600.00,,,,,,https://sensigence.co.uk/wp-content/uploads/2025/02/cropped-favicon-180x180.png,Contact Page:Tracking or Returns:Tracking Page:Has CMS,,TRUE,FALSE,sensigence,https://www.instagram.com/sensigence,https://woocommerce.com/products/woopayments/,1,WooPayments,,,,en,,,,,,4/28/2025,106205746,https://www.linkedin.com/company/106205746,,,,,Sensigence,"Sensigence, as your Growth Wingman helps time poor Small & Medium Businesses really look under the hood of the business,.",,,,,,,,,,,https://sensigence.co.uk/wp-content/uploads/2025/04/Logo-1200x630-1.png,+44 1772 977224,,,,,,,,WooCommerce,,3580908,80.74,10.3.7,0,0,0,0,0,0,0,0,0,0,10090571,70.91,Europe,,,,,,,,,,,,,,,,,,,,Active,,,Northern Europe,,Cookie Law Info:CookieYes:Facebook Pixel:Google Ads Pixel:Google Adsense:Google Analytics:Google Analytics 4:Google Tag Manager:Microsoft Clarity:Wordpress:MailerLite,11,flatsome,0,0,,Unknown,Unknown,@sensigence,,,,https://www.tiktok.com/@sensigence,Frustrations SOLVED - Sensigence,https://sensigence.co.uk/service-risk-tracking,,,sensigence,,,,,https://twitter.com/sensigence,,,,,,,sensigence,https://www.youtube.com/channel/UCyE8pfVOdd6d0YhuIpN8WOA,,,,https://www.youtube.com/@Sensigence,,admin@sensigence.co.uk,1,50
www.signaturesupplies.co.uk,https://www.signaturesupplies.co.uk/about,www.mezzle.co.uk,,,/Apparel,,www.signaturesupplies.co.uk,,31862031,90213182,isrequired:validation,,https://www.signaturesupplies.co.uk/contact-us,GB,2/26/2021,,Looking for personalised workwear and durable work clothes in UK? Signature Supplies offers customised uniforms with embroidery or logo printing,1,signaturesupplies.co.uk,https://www.signaturesupplies.co.uk,admin@signaturesupplies.co.uk:info@signaturesupplies.co.uk:info@support.com,,662,"USD $5,305.89",178,"USD $63,670.68",signaturesupplies,,,https://www.facebook.com/SignatureSupplies,https://www.signaturesupplies.co.uk/faq,https://www.signaturesupplies.co.uk/wp-content/uploads/2024/12/cropped-signature-supplies-logo-180x180.png,Contact Page:Signature Required:Tracking or Returns:Tracking Page:Free Returns:FAQ Page:Has CMS,,TRUE,FALSE,signature.supplies,https://www.instagram.com/signature.supplies,https://woocommerce.com/products/woopayments/,1,WooPayments,,,,en,,,,,big-store,10/6/2025,signature-supplies,https://www.linkedin.com/company/signature-supplies,,,,,Signature Supplies,Looking for personalised workwear and durable work clothes in UK? Signature Supplies offers customised uniforms with embroidery or logo printing,,,,,,,,,,,https://www.signaturesupplies.co.uk/wp-content/uploads/2025/02/YK026_LS00_2025.jpg,+44 121 551 4888:+44 7786 926471,,,,,,,,WooCommerce,,518335,11.69,10.4.3,0,0,0,0,0,0,0,0,0,1029,1685401,11.84,Europe,,,,,,,,,,,,,,,,,,,,Active,,,Northern Europe,,CookieYes:Facebook Pixel:Google Ads Pixel:Google Adsense:Google Tag Manager:Stripe:Wordpress,7,woodmart,0,0,,Unknown,Unknown,,,,,,Signature Supplies : Personalised Work Clothing & Uniforms,https://www.signaturesupplies.co.uk/delivery,,,,,,,,,,,,,,,,,,,,,,admin@signaturesupplies.co.uk,1,5305.89
www.thorpefarm.co.uk,,campsitesnortheast.co.uk,,,/Attractions/Theme Parks,Greta Bridge,www.thorpefarm.co.uk,1577,10923103,14174207,GB755352130:registered,"Greta Bridge, Barnard Castle DL12 9TY, UK",https://www.thorpefarm.co.uk/contact-us,GB,12/30/2016,,"Discover Thorpe Farmâ€™s camping and caravan site Barnard Castle, County Durham. Enjoy spacious pitches, modern facilities, and a relaxing countryside stay for families, couples and walkers.",1,thorpefarm.co.uk,https://www.thorpefarm.co.uk,admin@thorpefarm.co.uk:info@thorpefarm.co.uk:marketing@thorpefarm.co.uk:catering@thorpefarm.co.uk,3,5608,"USD $29,200.10",1515,"USD $350,401.20",thorpefarmcentre,,,https://www.facebook.com/ThorpeFarmCentre,,https://www.thorpefarm.co.uk/images/favicon/apple-touch-icon.png,Contact Page:Has CMS,,TRUE,FALSE,thorpefarmcentre,https://www.instagram.com/thorpefarmcentre,,0,,,,,en,,,,,,4/19/2023,thorpe-farm-centre,https://www.linkedin.com/company/thorpe-farm-centre,,,,,Thorpe Farm,"Discover Thorpe Farmâ€™s camping and caravan site Barnard Castle, County Durham. Enjoy spacious pitches, modern facilities, and a relaxing countryside stay for families, couples and walkers.",,,,,,,,,,,,+44 1833 627242:+44 7825 743662:+44 1833 200210,,,,,,,,WooCommerce,,168583,3.8,,0,0,0,0,0,0,0,0,0,18,647637,4.55,Europe,,,,,,,,,,,,,,,Royal Mail,,,,England,Active,,,Northern Europe,,CookieYes:Facebook Pixel:Google Ads Pixel:Google Adsense:Google Analytics:Google Analytics 4:Google Tag Manager:Wordpress:Zoho SalesIQ:reCAPTCHA,10,website-theme,0,0,,Unknown,Unknown,@thorpefarmcentre,17,,,https://www.tiktok.com/@thorpefarmcentre,"Camping & Caravan Site Barnard Castle, County Durham | Thorpe Farm",,,,thorpefarmtweet,1560,,,4098,https://x.com/thorpefarmtweet,,,,,,,uczvz_al6vovsdbudpqucgjw,https://www.youtube.com/channel/UCZVz_aL6vOvsDbUdpQuCGJw,,,,https://www.youtube.com/channel/UCZVz_aL6vOvsDbUdpQuCGJw,DL12 9TY,admin@thorpefarm.co.uk,1,29200.1
www.togetheragainstcancer.org.uk,https://www.togetheragainstcancer.org.uk/about-us,togetheragainstcancer.org.uk,,,/Health/Health Conditions/Cancer,,www.togetheragainstcancer.org.uk,,5910026,10751141,,,https://www.togetheragainstcancer.org.uk/contact,GB,8/2/2019,,"Together Against Cancer Together Against Cancer is committed to helping people diagnosed with cancer. We equip patients and carers with knowledge and tools to empower them to take control of their own health. From our Education and Wellness Centre in Leicester we provide free cancer support services, including complementary therapies, events, workshops and counselling. Additionally, we provide support, videos, recipes and more via T.A.C. Healing Hub, our member-only online community that is free for cancer patients and carers across the UK. Patient and carer registration form Complementary Therapies Counselling & Coaching Online Healing Hub Client testimonials Double your charitable impact Fundraise through GiveMatch Create a fundraising page and share your unique GiveMatch link; when two friends donate through it, your donation will be doubled. Keep sharing your link to inspire more matched donations. By spreading the word, youâ€™ll help raise more money for Together Against Cancer at no extra cost to you â€“ supporting even more patients in need! Find out more Remember a loved one Donate in Memory Gifts in Wills Remembrance Tribute You can make a real difference Become a volunteer Our charity relies on a team of volunteers to be able to operate and offer the support and range of services to those in need and we are always looking to expand our team. Anyone can volunteer no matter what age or qualifications you have and weâ€™d really appreciate your help. Learn About Volunteeringâ€¦ Fundraise for our charity Your fundraising efforts will help us to continue supporting cancer patients and their carers. Corporate Support Fundraising Play Union Lotto Thank you to our corporate supporters The companies below are going above and beyond this year to ensure we can offer our services for free. Subscribe to the Together Against Cancer newsletter Subscribe to our newsletter to receive the latest news, events and offers. Subscribe The latest from Together Against Cancer News and Blogs Â  Blog October 18, 2025 10 Nourishing Ways to Use Coconut Oil for Healing At Together Against Cancer, we believe healing extends far beyond medical treatment â€“ itâ€™s also about finding ways to take â€¦ Read more Probiotic-Rich Foods & Recipes for Better Digestion Your gut is home to a thriving universe of microorganisms, otherwise known as the gut microbiome. This ecosystem â€¦ Science of Energy: Reiki for Cancer Support When people hear about â€œenergy medicineâ€, responses can range from intrigued to skeptical. After all, how can simply â€¦ Recipe books At Together Against Cancer we believe in making health and wellness simple. Our 5-day plant-based recipe books are a gentle introduction to a healthier way of eating, which is kind on the planet and our body. We go back to nature, using fresh ingredients to make delicious meals for you and your family.Â  We hope you enjoy them! Â  Add to basket Healing Deliciously â€“ Recipes For Life Â£6.00 Add to basket Healing Deliciously Goes Vegan Â£6.00 Supported by fundraising, TAC Wellness Centre can provide support to you.",1,togetheragainstcancer.org.uk,https://www.togetheragainstcancer.org.uk,admin@togetheragainstcancer.org.uk,,1744,"USD $13,972.19",471,"USD $167,666.28",togetheragainstcancer.uk,,,https://www.facebook.com/TogetherAgainstCancer.UK,https://www.togetheragainstcancer.org.uk/how-to-make-healthy-sweet-potato-brownies,https://www.togetheragainstcancer.org.uk/wp-content/uploads/2021/04/512-300x300.png,Contact Page:FAQ Page:Has Blog:Has CMS,,TRUE,FALSE,togetheragainst_cancer,https://www.instagram.com/togetheragainst_cancer,,0,,,,,en,,,,,,2/12/2022,together-against-cancer,https://www.linkedin.com/company/together-against-cancer,,,,,Together Against Cancer,"Together Against Cancer Together Against Cancer is committed to helping people diagnosed with cancer. We equip patients and carers with knowledge and tools to empower them to take control of their own health. From our Education and Wellness Centre in Leicester we provide free cancer support services, including complementary therapies, events, workshops and counselling. Additionally, we provide support, videos, recipes and more via T.A.C. Healing Hub, our member-only online community that is free for cancer patients and carers across the UK. Patient and carer registration form Complementary Therapies Counselling & Coaching Online Healing Hub Client testimonials Double your charitable impact Fundraise through GiveMatch Create a fundraising page and share your unique GiveMatch link; when two friends donate through it, your donation will be doubled. Keep sharing your link to inspire more matched donations. By spreading the word, youâ€™ll help raise more money for Together Against Cancer at no extra cost to you â€“ supporting even more patients in need! Find out more Remember a loved one Donate in Memory Gifts in Wills Remembrance Tribute You can make a real difference Become a volunteer Our charity relies on a team of volunteers to be able to operate and offer the support and range of services to those in need and we are always looking to expand our team. Anyone can volunteer no matter what age or qualifications you have and weâ€™d really appreciate your help. Learn About Volunteeringâ€¦ Fundraise for our charity Your fundraising efforts will help us to continue supporting cancer patients and their carers. Corporate Support Fundraising Play Union Lotto Thank you to our corporate supporters The companies below are going above and beyond this year to ensure we can offer our services for free. Subscribe to the Together Against Cancer newsletter Subscribe to our newsletter to receive the latest news, events and offers. Subscribe The latest from Together Against Cancer News and Blogs Â  Blog October 18, 2025 10 Nourishing Ways to Use Coconut Oil for Healing At Together Against Cancer, we believe healing extends far beyond medical treatment â€“ itâ€™s also about finding ways to take â€¦ Read more Probiotic-Rich Foods & Recipes for Better Digestion Your gut is home to a thriving universe of microorganisms, otherwise known as the gut microbiome. This ecosystem â€¦ Science of Energy: Reiki for Cancer Support When people hear about â€œenergy medicineâ€, responses can range from intrigued to skeptical. After all, how can simply â€¦ Recipe books At Together Against Cancer we believe in making health and wellness simple. Our 5-day plant-based recipe books are a gentle introduction to a healthier way of eating, which is kind on the planet and our body. We go back to nature, using fresh ingredients to make delicious meals for you and your family.Â  We hope you enjoy them! Â  Add to basket Healing Deliciously â€“ Recipes For Life Â£6.00 Add to basket Healing Deliciously Goes Vegan Â£6.00 Supported by fundraising, TAC Wellness Centre can provide support to you.",,,,,,,,,,,https://www.togetheragainstcancer.org.uk/wp-content/uploads/2023/12/Screenshot-2023-12-19-at-16.20.23-800x500.png,+44 116 246 0195,,,,,,,,WooCommerce,,240593,5.42,10.3.7,0,0,0,0,0,0,0,0,0,46,877756,6.17,Europe,,,,,,,,,,,,,,,,,,,,Active,,,Northern Europe,,Google Ads Pixel:Google Adsense:Google Analytics:Google Tag Manager:HubSpot:OneTrust Cookie Consent:Stripe:Vimeo:Wordpress:Yoast:reCAPTCHA,11,maxcoach,0,0,,Unknown,Unknown,,,,,,Home - Together Against Cancer,,,,,,,,,,,,,,,,,,,,,,,admin@togetheragainstcancer.org.uk,1,13972.19
globalregulatorypress.com,https://globalregulatorypress.com/about-journal,www.globalregulatorypress.com,,,/Books & Literature,,globalregulatorypress.com,8,3990936,4152606,onsubscription,,,GB,9/29/2017,,"Global Regulatory Press is the publisher of the ""Journal of Medical Device Regulation""â€‹ and other e-books on medical device regulatory affairs.",1,globalregulatorypress.com,https://globalregulatorypress.com,admin@totalwptheme.com:accounts@globalregulatorypress.com:editor@globalregulatorypress.com:sales@globalregulatorypress.com:subscriptions@globalregulatorypress.com,,353,"USD $4,527.69",95,"USD $54,332.28",globalregpress,,,https://www.facebook.com/globalregpress,https://globalregulatorypress.com/support/faqs,https://globalregulatorypress.com/wp-content/themes/globalregulatorypress/images/JMDRlogo_LinkedIn.gif,FAQ Page:Has CMS,,TRUE,FALSE,,,https://woocommerce.com/products/automatewoo/:https://woocommerce.com/products/elavon-payments/:https://woocommerce.com/products/mailchimp-for-woocommerce/:https://woocommerce.com/products/smart-coupons/:https://woocommerce.com/products/woocommerce-checkout-field-editor/:https://woocommerce.com/products/woocommerce-subscriptions/,6,AutomateWoo:Elavon Payment Gateway:Mailchimp:Smart Coupons:Checkout Field Editor:WooCommerce Subscriptions,,,,en,,,,,,8/25/2021,global-regulatory-press,https://www.linkedin.com/company/global-regulatory-press,,,,,globalregulatorypress.com,"Global Regulatory Press is the publisher of the ""Journal of Medical Device Regulation""â€‹ and other e-books on medical device regulatory affairs.",,,,,,,,,,,,+44 1305 264797,,,,,,,,WooCommerce,,493076,11.12,10.4.3,0,0,0,0,0,0,0,0,0,1591,1615514,11.35,Europe,,,,,,,,,,,,,,,,,,,,Active,,,Northern Europe,,Cookie Law Info:Google Ads Pixel:Google Adsense:Google Analytics:Google Analytics 4:Google Tag Manager:Mailchimp:Wordpress:Yoast:reCAPTCHA,10,globalregulatorypress,0,0,,Unknown,Unknown,,,,,,,,,,,,,,,,,,,,,,uc0sff4np4mcf03_5dbccdbg,https://www.youtube.com/channel/UC0sff4NP4McF03_5dBCcdBg,8,,,https://www.youtube.com/channel/UC0sff4NP4McF03_5dBCcdBg,,admin@totalwptheme.com,1,4527.69
thetourismsociety.com,https://thetourismsociety.com/about-us,www.thetourismsociety.com,,,/Travel,London,thetourismsociety.com,11456,8100725,16135992,,"South Bank, London, UK",https://thetourismsociety.com/contact-us,GB,3/27/2020,,"Where individuals from across Tourism come together for discussion, debate, to share views and knowledge, and to network. Join Us Today Thought Leading since 1977 The Tourism Society is where individuals from across tourism come together (online and offline) for discussion, debate, to share views and knowledge, and to network. It is the only professionalâ€¦",1,thetourismsociety.com,https://thetourismsociety.com,admin@tourismsociety.org:membership@tourismsociety.org,,154,"USD $1,980.86",41,"USD $23,770.32",the-tourism-society-130654753719004,,,https://www.facebook.com/The-Tourism-Society-130654753719004,,https://thetourismsociety.com/wp-content/uploads/fbrfg/apple-touch-icon.png,Contact Page:Has Blog:Career Page:Has CMS,,TRUE,FALSE,,,https://woocommerce.com/products/woocommerce-subscriptions/,1,WooCommerce Subscriptions,,,,en,,,,,,6/8/2021,the-tourism-society,https://www.linkedin.com/company/the-tourism-society,,,,,The Tourism Society,"Where individuals from across Tourism come together for discussion, debate, to share views and knowledge, and to network. Join Us Today Thought Leading since 1977 The Tourism Society is where individuals from across tourism come together (online and offline) for discussion, debate, to share views and knowledge, and to network. It is the only professionalâ€¦",,,,,,,,,,,https://thetourismsociety.com/wp-content/uploads/2020/12/workplace-1245776_1280.jpg,+44 20 3696 8330,,,,,,,,WooCommerce,,691197,15.59,9.8.5,0,0,0,0,0,0,0,0,0,38,2151914,15.12,Europe,,,,,,,,,,,,,,,,,,,England,Active,,,Northern Europe,,Google Ads Pixel:Google Adsense:Google Analytics:Google Analytics 4:Google Tag Manager:Wordpress:Yoast,7,bb-theme,0,0,,Unknown,Unknown,,,,,,The Tourism Society,,,,tourismsociety,11456,,,5153,https://twitter.com/tourismsociety,,,,,,,,,,,,,,admin@tourismsociety.org,1,1980.86
www.typewhizz.co.uk,https://www.typewhizz.co.uk/about,,,,/Jobs & Education/Education,,www.typewhizz.co.uk,,25843833,56826502,,,https://www.typewhizz.co.uk/contact,GB,5/28/2021,USD,Work From Home As A Professional Transcriber Earn $20+ per hour working from home as a professional transcriber. Get Started [â€¦],1,typewhizz.co.uk,https://www.typewhizz.co.uk,admin@typewhizz.co.uk:marketing@typewhizz.co.uk:refunds@typewhizz.co.uk:support@typewhizz.co.uk,7,135085,"USD $216,409.77",36509,"USD $2,596,917.24",typewhizz,,,https://www.facebook.com/TypeWhizz,https://www.typewhizz.co.uk/how-to-set-up-a-paypal-account-in-south-africa-made-simple,https://www.typewhizz.co.uk/wp-content/uploads/2025/07/cropped-Copy-of-type-whizz-3-180x180.png,Career Page:Contact Page:FAQ Page:Has Blog:Has CMS,,TRUE,FALSE,typewhizz,https://www.instagram.com/typewhizz,https://woocommerce.com/products/woopayments/,1,WooPayments,,,,en,,,,,astra,8/24/2025,type-whizz,https://www.linkedin.com/company/type-whizz,,,,,TypeWhizz,Work From Home As A Professional Transcriber Earn $20+ per hour working from home as a professional transcriber. Get Started [â€¦],,,,,,,,,,,https://www.typewhizz.co.uk/wp-content/uploads/2025/07/type-gif.gif,,,,,,,,,WooCommerce,,62079,1.4,10.4.3,0,0,0,0,0,0,0,0,0,272,272345,1.91,Europe,,,,,,,,,,,,,,,,,,,,Active,,,Northern Europe,,Google Ads Pixel:Google Adsense:Google Tag Manager:Klarna:Wordpress:Yoast,6,quiklearn,0,0,,Unknown,Unknown,,,,,,Home - TypeWhizz,,3.1,308,,,,,,,,,,,,,typewhizz3829,https://www.youtube.com/channel/UCqUHE92g31jkSsFNYLRo9hg,,,,https://www.youtube.com/@typewhizz3829,,admin@typewhizz.co.uk,1,216409.77
walthamtrc.co.uk,https://walthamtrc.co.uk/about,www.walthamtrc.co.uk,,,/Business & Industrial/Business Operations:/Jobs & Education,,walthamtrc.co.uk,,105080122,205567757,,"Suite 301, 302 Coventry Road Ilford Greater London GB",https://walthamtrc.co.uk/contact-us,GB,9/28/2018,GBP,"Explore accredited training courses at WalthamTRC for careers in Health & Social Care, Construction, Hospitality and more! CPD-certified and fully online.",1,walthamtrc.co.uk,https://walthamtrc.co.uk,admin@walthamtrc.co.uk:info@walthamtrc.co.uk,,,USD $500.00,,"USD $6,000.00",,,,,,"https://sp-ao.shortpixel.ai/client/to_webp,q_lossy,ret_img,w_180,h_180/https://walthamtrc.co.uk/wp-content/uploads/2024/09/cropped-favicon-180x180.png",Contact Page:Has Blog:Has CMS,,TRUE,FALSE,walthamtrc_,https://www.instagram.com/walthamtrc_,https://woocommerce.com/products/woopayments/,1,WooPayments,,,,en,,,,,astra,11/21/2024,waltham-training-and-recruitment-consultants-ltd,https://www.linkedin.com/company/waltham-training-and-recruitment-consultants-ltd,,,,,WalthamTRC,"Explore accredited training courses at WalthamTRC for careers in Health & Social Care, Construction, Hospitality and more! CPD-certified and fully online.",,,,,,,,,,,https://walthamtrc.co.uk/wp-content/uploads/2019/08/icon_target.png,+44 20 3150 1299,,,,,,,,WooCommerce,,2200418,49.61,9.3.3,0,0,0,0,0,0,0,0,0,58,6113014,42.96,Europe,,,,,,,,,,,,,,,Royal Mail,,,,,Active,,,Northern Europe,,Apple Pay:Google Ads Pixel:Google Adsense:Google Analytics:Google Analytics 4:Google Tag Manager:MonsterInsights:Stripe:Wordpress:MailerLite,10,coursector,0,0,,Unknown,Unknown,@waltham_trc,,,,https://www.tiktok.com/@waltham_trc,WalthamTRC | Accredited Online Training Courses UK,,,,,,,,,,,,,,,,walthamtrc,https://www.youtube.com/channel/UCJ1fw9mxeudu9pOf6KPYcgw,,,,https://www.youtube.com/@WalthamTRC,,admin@walthamtrc.co.uk,1,500
wmconline.co.uk,https://wmconline.co.uk/about-us,,,,/Home & Garden/Home Improvement,,wmconline.co.uk,,228772727,66420155,,,https://wmconline.co.uk/contact,GB,4/14/2023,,"home Yorkshire family-run supplier of high-quality parts, tools & consumables for the window and door industry. Fast service, expert support",1,wmconline.co.uk,https://wmconline.co.uk,admin@wmconline.co.uk:sales@wmconline.co.uk:info@wmconline.co.uk,,220,"USD $2,829.81",59,"USD $33,957.72",,,,,https://wmconline.co.uk/how-to-reduce-downtime-with-the-right-window-machinery-components,https://wmconline.co.uk/wp-content/uploads/2024/07/cropped-wmc-photoroom-A0xwxyz1p3t4lP6K-180x180.png,Gift Messaging:Contact Page:FAQ Page:Wholesale/Retailers Page:Has Blog:Has CMS,,TRUE,FALSE,,,https://woocommerce.com/products/woopayments/,1,WooPayments,,,,en,,,Shopify,5/30/2025,,5/30/2025,window-machine-consumables-ltd,https://www.linkedin.com/company/window-machine-consumables-ltd,,,,,wmconline.co.uk,"home Yorkshire family-run supplier of high-quality parts, tools & consumables for the window and door industry. Fast service, expert support",,,,,,,,,,,https://wmconline.co.uk/wp-content/uploads/2025/03/wmc-photoroom-A0xwxyz1p3t4lP6K.webp,+44 1274 507370,,,,,,,,WooCommerce,,888350,20.03,10.4.3,0,0,0,0,0,0,0,0,0,237,2675794,18.8,Europe,https://wmconline.co.uk/where-to-buy-window-machine-spares-in-the-uk-a-complete-sourcing-guide,,,,,,,,,,,,,,,,,,,Active,,,Northern Europe,,Complianz:Facebook Pixel:Google Ads Pixel:Google Adsense:Google Analytics:Google Analytics 4:Google Tag Manager:Microsoft Clarity:Stripe:Tawk:Wordpress:Yoast,12,ecomus,0,0,,Unknown,Unknown,,,,,,Window & Door Consumables Supplier â€“ WMC Online,,,,,,,,,,,,,,,,,,,,,,,admin@wmconline.co.uk,1,2829.81
www.theafp.co.uk,https://www.theafp.co.uk/about-us,,,,,,www.theafp.co.uk,,4895415,4445170,,,https://www.theafp.co.uk/contact-us,GB,12/4/2020,,"We are the collective voice of national fleet operators that strive to improve market conditions for everyone involved in running a corporate fleet in the UK. â€º about-afp â€º about-afpThe Association of Fleet Professionals (AFP) is a not for profit body that supports, educates and trains the corporate fleet industry. Â· Formed in 2020, the AFPÂ ... â€º webinars â€º webinars â€º contact â€º contactThe Association of Fleet Professionals Limited Administration Centre P.O. Box 314 Chichester, PO20 9WZCall now 01625 ... administration@theafp.co.ukÂ ...",1,theafp.co.uk,https://www.theafp.co.uk,administration@theafp.co.uk,,2870,"USD $18,393.76",775,"USD $220,725.12",,,,,,https://www.theafp.co.uk/wp-content/uploads/2023/11/favicon.png,Wholesale/Retailers Page:Contact Page:Financing Page:Career Page:Has CMS,https://www.theafp.co.uk/accelerate-funding-finance,TRUE,FALSE,,,,0,,,,,en,,,,,salient,12/6/2023,associationfleetprofessionals,https://www.linkedin.com/company/associationfleetprofessionals,,,,,AFP,"We are the collective voice of national fleet operators that strive to improve market conditions for everyone involved in running a corporate fleet in the UK. â€º about-afp â€º about-afpThe Association of Fleet Professionals (AFP) is a not for profit body that supports, educates and trains the corporate fleet industry. Â· Formed in 2020, the AFPÂ ... â€º webinars â€º webinars â€º contact â€º contactThe Association of Fleet Professionals Limited Administration Centre P.O. Box 314 Chichester, PO20 9WZCall now 01625 ... administration@theafp.co.ukÂ ...",,,,,,,,,,,,+44 7598 686500,,,,,,,,WooCommerce,,176697,3.98,10.4.3,0,0,0,0,0,0,0,0,0,175,674107,4.74,Europe,https://www.theafp.co.uk/afp-dealer-standard,,,,,,,,,,,,,,Royal Mail,,,,,Active,,,Northern Europe,,Cloudflare:Cloudflare CDN:Google Ads Pixel:Google Adsense:Google Analytics:Google Analytics 4:Google Tag Manager:Vimeo:Wordpress:YouTube Player:reCAPTCHA,11,theafp,0,0,,Unknown,Unknown,,,,,,Home - AFP,,,,,,,,,,,,,,,,,,,,,,,administration@theafp.co.uk,1,18393.76
www.conformalcoating.co.uk,https://www.conformalcoating.co.uk/five-key-facts-about-using-fluoropolymer-nano-coatings-for-protecting-printed-circuit-boards,,,,/Business & Industrial/Chemicals Industry,,www.conformalcoating.co.uk:conformalcoating.in:conformalcoating.eu,,6378691,9320113,11683186,,https://www.conformalcoating.co.uk/contact-us,GB,12/30/2016,,"SCH Services provides total Conformal Coating, Parylene & ProShieldESD Solutions â€” subcontract services, equipment, training & materials.",3,conformalcoating.co.uk,https://www.conformalcoating.co.uk,adminuk@schservices.com:sales@schservices.com,,154,"USD $1,980.86",41,"USD $23,770.32",,,,,https://www.conformalcoating.co.uk/proshield-esd-coating/faqs,https://www.conformalcoating.co.uk/wp-content/uploads/2023/12/sch-logo.png,Contact Page:Tracking or Returns:Returns Page:Tracking Page:FAQ Page:Has Blog:Has CMS,,TRUE,FALSE,,,https://woocommerce.com/products/worldpay/,1,Worldpay,,,,en,,,,,childuikittheme,11/21/2025,sch-services-ltd,https://www.linkedin.com/company/sch-services-ltd,,,,,www.conformalcoating.co.uk,"SCH Services provides total Conformal Coating, Parylene & ProShieldESD Solutions â€” subcontract services, equipment, training & materials.",,,,,,,,,,,https://www.conformalcoating.co.uk/wp-content/uploads/2025/09/conformal-coating-solutions-from-SCH-Technologies.jpeg,+44 1226 249019:+44 1226 770809:+44 114 470 1402:+44 7949 524130,,,,,,,,WooCommerce,,816902,18.42,10.4.3,0,0,0,0,0,0,0,0,0,200,2488332,17.49,Europe,,https://www.conformalcoating.co.uk/returns-refunds,,,,,,,,,,,,,,,,,,Active,,,Northern Europe,,Google Ads Pixel:Google Adsense:Google Analytics:Google Analytics 4:Google Tag Manager:MonsterInsights:Moove GDPR Cookie Compliance:Wordpress:WorldPay:Yoast:reCAPTCHA,11,uikit%20theme,0,2,,Unknown,Unknown,,,,,,"Conformal Coating, Parylene & ProShieldESD Solutions | SCH",https://www.conformalcoating.co.uk/delivery-information,,,,,,,,,,,,,,,,,,,,,,adminuk@schservices.com,1,1980.86
braystartutoring.co.uk,https://braystartutoring.co.uk/about,www.braystartutoring.co.uk,,,/Jobs & Education/Education,,braystartutoring.co.uk,,0,0,,,,GB,10/20/2023,,"Our specialised Oxford or Cambridge tutors, create an empowering learning environment. Tuition for all levels, such as: GCSE Tuition, A-Level Tuition, IB Tuition, 11+ Tuition, Interview Practice, and Personal Statement Editing.",1,braystartutoring.co.uk,https://braystartutoring.co.uk,admissions@braystartutoring.com,,,USD $50.00,,USD $600.00,,,,,,https://braystartutoring.co.uk/wp-content/uploads/2023/09/cropped-Blue_Black_Creative_Modern_Letter_A_Logo__3_-removebg-preview-180x180.png,Headless:Has CMS,,TRUE,TRUE,,,,0,,,,,en,,,,,,10/22/2023,braystartutoring,https://www.linkedin.com/company/braystartutoring,,,,,Online Tutoring,"Our specialised Oxford or Cambridge tutors, create an empowering learning environment. Tuition for all levels, such as: GCSE Tuition, A-Level Tuition, IB Tuition, 11+ Tuition, Interview Practice, and Personal Statement Editing.",,,,,,,,,,,https://braystartutoring.co.uk/wp-content/uploads/2023/09/cropped-Logo-1_1680118234.webp,,,,,,,,,WooCommerce,,3964099,89.38,,0,0,0,0,0,0,0,0,0,0,11161133,78.44,Europe,,,,,,,,,,,,,,,,,,,,Active,,,Northern Europe,,Google Ads Pixel:Google Adsense:Google Analytics:Google Analytics 4:Google Tag Manager:MonsterInsights:Paystack:Razorpay:Stripe:Typeform:Wordpress,11,oceanwp,0,0,,Unknown,Unknown,,,,,,Home - Online Tutoring,,,,braystartutors,,,,,https://twitter.com/BrayStarTutors,,,,,,,,,,,,,,admissions@braystartutoring.com,1,50
adsimulo.com,,,,,/Business & Industrial/Construction & Maintenance,Woking,adsimulo.com,,11179681,25297319,,"20 Oldfield Wood, Woking GU22 8AN, UK",,GB,1/17/2020,,"AdSimulo is a revolutionary lift traffic analysis and simulation application for architects, lift (elevator) engineers and consultants.",1,adsimulo.com,https://adsimulo.com,adsimuloadmin@adsimulo.com:support@adsimulo.com,,66,USD $848.94,17,"USD $10,187.28",adsimulo,,,https://www.facebook.com/adsimulo,https://adsimulo.com/support/frequently-asked-questions/,https://adsimulo.com/wp-content/uploads/2016/04/cropped-favicon-adsimulo-s.png,FAQ Page:Has CMS,,TRUE,FALSE,adsimulo,https://www.instagram.com/adsimulo,https://woocommerce.com/products/woocommerce-subscriptions/,1,WooCommerce Subscriptions,,,,en,,,,,tower,8/12/2022,adsimulo-ltd,https://www.linkedin.com/company/adsimulo-ltd,,,,,adsimulo.com,"AdSimulo is a revolutionary lift traffic analysis and simulation application for architects, lift (elevator) engineers and consultants.",,,,,,,,,,,,+44 7723 163868,,,,,,,,WooCommerce,,929366,20.96,10.1.1,0,0,0,0,0,0,0,0,0,14,2784465,19.57,Europe,,,,,,,,,,,,,,,,,,,England,Active,,20 Oldfield Wood,Northern Europe,,"Calendly:Cookie Notice & Compliance for GDPR,CCP:Facebook Pixel:Google Ads Pixel:Google Adsense:Google Tag Manager:Microsoft Clarity:Sucuri:Trustpilot:WP Rocket:Wordpress:YouTube Player:reCAPTCHA",13,hello-elementor,0,0,,Unknown,Unknown,,,,,,Lift Traffic Analysis & Simulation Application | Expert System,,4,15,adsimulo,,,,,https://twitter.com/adsimulo,,,,,,,adsimulo4870,https://www.youtube.com/channel/UCYtCGpK4MU7zo6nFUOqXciw,,,,https://www.youtube.com/@adsimulo4870,GU22 8AN,adsimuloadmin@adsimulo.com,1,848.94
www.cenitcollege.co.uk,https://www.cenitcollege.co.uk/about-us,,,,/Jobs & Education/Education/Training & Certification,,www.cenitcollege.ie:www.cenitcollege.co.uk,194,59125922,63463438,15635921,"Kildare, Ireland",https://www.cenitcollege.co.uk/contact-us,GB,5/31/2024,,Welcome to Cenit College,2,cenitcollege.co.uk,https://www.cenitcollege.co.uk,ask@cenitcollege.ie:enquiries@cenitcollege.ie,,22,USD $500.00,5,"USD $6,000.00",cenitcollege,,,https://facebook.com/cenitcollege,https://www.cenitcollege.co.uk/how-to-find-a-career-that-matches-your-skill-set-navigating-the-uk-job-market,https://www.cenitcollege.co.uk/wp-content/uploads/2021/09/favicon-300x300.png,Contact Page:Cryptocurrency Messaging:Signature Required:FAQ Page:Has Blog:Has CMS,,TRUE,FALSE,cenit.college,https://www.instagram.com/cenit.college,https://woocommerce.com/products/woopayments/,1,WooPayments,,,,en,,,,,,5/29/2024,5375395,https://www.linkedin.com/school/5375395,,,,,Cenit College,Welcome to Cenit College,,,,,,,,,,,https://www.cenitcollege.co.uk/wp-content/uploads/2021/11/Cenit-College-Slider-scaled.jpg,+44 330 828 0953,,,,,,,,WooCommerce,,1403612,31.65,,0,0,0,0,0,0,0,0,0,55,4047087,28.44,Europe,,,,,,,,,,,,,,,,,,,,Active,,,Northern Europe,,Cookie Law Info:Facebook Pixel:Google Ads Pixel:Google Adsense:Google Analytics:Google Analytics 4:Google Tag Manager:LinkedIn Insight Tag:Vimeo:Wordfence:Wordpress:Yoast:reCAPTCHA,13,kingster,0,0,,Unknown,Unknown,,,,,,Home - Cenit College,,,,cenitcollege,194,,,144,https://x.com/CenitCollege,,,,,,,,,,,,,,ask@cenitcollege.ie,1,500
furbd.org.uk,https://furbd.org.uk/about-us,,,,/People & Society/Social Issues & Advocacy/Charity & Philanthropy,,furbd.org.uk,,73841719,6898038,,,https://furbd.org.uk/contact-us,GB,5/30/2025,GBP,,1,furbd.org.uk,https://furbd.org.uk,ask@furbd.org.uk,,728,"USD $5,836.48",196,"USD $70,037.76",furbdit,,,https://www.facebook.com/furbdit,https://furbd.org.uk/get-involved/faqs,https://furbd.org.uk/wp-content/uploads/2024/06/furbd-icon.png,Contact Page:Signature Required:FAQ Page:Wholesale/Retailers Page:Has CMS,,TRUE,FALSE,,,https://woocommerce.com/products/woopayments/,1,WooPayments,,,,en,,,,,,5/27/2025,furbd,https://www.linkedin.com/company/furbd,,,,,Furbd,,,,,,,,,,,,,+44 7913 635508:+44 1642 232220,,,,,,,,WooCommerce,,472888,10.66,9.1.5,0,0,0,0,0,0,0,0,0,18,1559103,10.96,Europe,https://furbd.org.uk/donate/distributors,,,,,,,,,,,,,,Royal Mail,,,,,Active,,,Northern Europe,,PayPal Checkout:PayPal FastLane:Wordpress,3,furbdit,0,0,,Unknown,Unknown,,,,,,Furbd,,,,,,,,,,,,,,,,,,,,,,,ask@furbd.org.uk,1,5836.48
gadgetora.co.uk,https://gadgetora.co.uk/about,,,,/Consumer Electronics:/Consumer Electronics/Mobile & Wireless/Mobile Phones,,gadgetora.co:gadgetora.co.uk,,0,0,15969853,,https://gadgetora.co.uk/contact,GB,12/5/2025,GBP,,2,gadgetora.co.uk,https://gadgetora.co.uk,b2b@gadgetora.co.uk:info@gadgetora.co.uk,,,USD $50.00,,USD $600.00,,,,,https://gadgetora.co.uk/2025/10/06/how-to-know-if-an-accessory-fits-your-device,https://gadgetora.co.uk/wp-content/uploads/2025/10/cropped-Playbeam-4-180x180.png,FAQ Page:Contact Page:Tracking or Returns:Returns Page:Tracking Page:International Shipping:Warranty Page:Has CMS,,TRUE,FALSE,gadgetora.co.uk,https://www.instagram.com/gadgetora.co.uk,https://woocommerce.com/products/multi-currency/,1,TIV Multi-Currency,,,,en,,,,,,12/1/2025,gadgetora-uk,https://www.linkedin.com/company/gadgetora-uk,,,,,GadgetOra,,,,,,,,,,,,,+44 7418 635497,,,,,,,,WooCommerce,,4103342,92.52,10.2.3,0,0,0,0,0,0,0,0,0,0,11513847,80.92,Europe,,https://gadgetora.co.uk/return-policy,,,,,,,,,,,,,,,,,,Active,,,Northern Europe,,Wordpress,1,flatsome,0,1,,Unknown,Unknown,,,,,,GadgetOra,https://gadgetora.co.uk/shipping-policy,,,,,,,,,,https://gadgetora.co.uk/warranty-policy,,,,,,,,,,,,b2b@gadgetora.co.uk,1,50
www.bathcomms.com,,,,,/Business & Industrial/Business Services/E-Commerce Services,Bath,www.bathcomms.com,,67307824,15464069,,"Bath, UK",,GB,1/27/2017,,We pair the appropriate technology with custom communications strategies to make your business work exceedingly well online.,1,bathcomms.com,https://www.bathcomms.com,Bathcomms@bathcomms.com,2,110,"USD $1,414.90",29,"USD $16,978.80",bathcomms,,,https://www.facebook.com/bathcomms,,https://www.bathcomms.com/wp-content/uploads/2020/05/cropped-site-icon-180x180.jpg,Has CMS,,TRUE,FALSE,,,https://woocommerce.com/products/mailchimp-for-woocommerce/,1,Mailchimp,,,,en,,,,,,1/13/2026,bathcomms,https://www.linkedin.com/company/bathcomms,,,,,Bathcomms,We pair the appropriate technology with custom communications strategies to make your business work exceedingly well online.,,,,,,,,,,,https://www.bathcomms.com/wp-content/uploads/2019/02/bathcomms_facebook.jpg,,,,,,,,,WooCommerce,,828161,18.67,10.4.3,0,0,0,0,0,0,0,0,0,11,2518102,17.7,Europe,,,,,,,,,,,,,,,,,,,England,Active,,,Northern Europe,,Cloudflare:Cloudflare CDN:Google Ads Pixel:Google Adsense:Google Tag Manager:Mailchimp:Wordpress:Yoast,8,uncode,1,1,,Unknown,Unknown,,,,,,"Bathcomms - eCommerce Digital Agency Bath, UK",,,,bathcomms,,,,,https://x.com/bathcomms,,,,,,,,,,,,,,bathcomms@bathcomms.com,1,1414.9
www.britishanimationawards.com,https://www.britishanimationawards.com/about-us,www.britishanimationawards.co.uk,,,/Arts & Entertainment/Movies:/Sports/Trophies and Awards:/Arts & Entertainment/Comics & Animation,London,www.britishanimationawards.com,3461,343724,4373972,,"London, UK",https://www.britishanimationawards.com/contact,GB,5/17/2019,,"** THE WINNERS 2024 ** The BAAs 2024 winners were announced at a fun-filled ceremony on the evening of March 7th, at the BFI South Bank. All the winners can be found here. Congratulations to all nominees and winners. Weâ€™d like to thank again all the sponsors for supporting the BAAs 2024.Â  Please see our sponsors page here.Â  TICKETS are now sold out for the Awards Night, for queries please email us on bookings@britishanimationawards.com",1,britishanimationawards.com,https://www.britishanimationawards.com,bookings@britishanimationawards.com:office@britishanimationawards.com:marketing@britishanimationawards.com,,1037,"USD $8,312.56",280,"USD $99,750.72",britishanimationawards,,,https://www.facebook.com/britishanimationawards,https://www.britishanimationawards.com/faqs,https://www.britishanimationawards.com/wp-content/uploads/2020/08/cropped-baa-icon-180x180.png,Contact Page:FAQ Page:Has CMS,,TRUE,FALSE,britishanimationawards,https://www.instagram.com/britishanimationawards,,0,,,,,en,,,,,,5/28/2020,british-animation-awards-limited,https://www.linkedin.com/company/british-animation-awards-limited,,,,,www.britishanimationawards.com,"** THE WINNERS 2024 ** The BAAs 2024 winners were announced at a fun-filled ceremony on the evening of March 7th, at the BFI South Bank. All the winners can be found here. Congratulations to all nominees and winners. Weâ€™d like to thank again all the sponsors for supporting the BAAs 2024.Â  Please see our sponsors page here.Â  TICKETS are now sold out for the Awards Night, for queries please email us on bookings@britishanimationawards.com",,,,,,,,,,,,,,,,,,,,WooCommerce,,299983,6.76,10.4.2,0,0,0,0,0,0,0,0,0,384,1059983,7.45,Europe,,,,,,,,,,,,,,,,,,,England,Active,,,Northern Europe,,Google Ads Pixel:Google Adsense:Google Analytics:Google Analytics 4:Google Tag Manager:Wordpress:Yoast:reCAPTCHA,8,baaland,0,0,,Unknown,Unknown,,,,,,The British Animation Awards (BAA),,,,baawards,3461,,,825,https://twitter.com/baawards,,,,,,,,,,,,,,bookings@britishanimationawards.com,1,8312.56
carecraftacademy.co.uk,https://carecraftacademy.co.uk/about-us,,,,/Jobs & Education/Education,,carecraftacademy.co.uk,,0,0,,,https://carecraftacademy.co.uk/contact-us,GB,10/24/2025,,,1,carecraftacademy.co.uk,https://carecraftacademy.co.uk,bookings@carecraftacademy.co.uk,,,USD $50.00,,USD $600.00,,,,,https://carecraftacademy.co.uk/faqs,https://carecraftacademy.co.uk/wp-content/uploads/2025/05/cropped-care-craft-180x180.jpg,Contact Page:FAQ Page:Has Blog:Has CMS,,TRUE,FALSE,carecraftacademy,https://www.instagram.com/carecraftacademy,,0,,,,,en,,,,,,10/24/2025,carecraft-academy,https://www.linkedin.com/company/carecraft-academy,,,,,carecraftacademy.co.uk,,,,,,,,,,,,,+44 121 517 1233,carecraftacademy,,,,,https://www.pinterest.com/carecraftacademy,,WooCommerce,,4306070,97.09,10.4.3,0,0,0,0,0,0,0,0,0,0,12006170,84.38,Europe,,,,,,,,,,,,,,,,,,,,Active,,,Northern Europe,,Facebook Pixel:Google Ads Pixel:Google Adsense:Google Tag Manager:Wordpress,5,astra,0,0,,Unknown,Unknown,,,,,,carecraftacademy.co.uk,,,,carecraftacad,,,,,https://x.com/CareCraftAcad,,,,,,,carecraft-academy,https://www.youtube.com/channel/UCx885pAoGlhREn4m9cpI9zw,,,,https://www.youtube.com/@CareCraft-Academy,,bookings@carecraftacademy.co.uk,1,50
